DC_Real_Property_ID,Address_of_Record,Owner_of_Record,Ward,Year,Property_Name,Address_1,Postal_Code,Primary_Property_Type,Year_Built,_Reported_Building_Gross_Floor_Area_ft_,Site_EUI_kBtu/ft,Weather_Normalized_Source_EUI_kBtu/ft,ENERGY_STAR_Score,Total_GHG_Emissions_MtCO2e,Electricity_Use_-_Grid_Purchase_and_Onsite_kWh,Natural_Gas_Use_therms
80806,2500 VIRGINIA AV NW,WATERGATE EAST INC,2,2011,"Watergate East, Inc.","2500 Virginia Avenue, N.W.",20037,Multifamily Housing,1966,"400,000",28.2,94,0,1594.09,3295396,
80808,2600 VIRGINIA AV NW,GREENPENZ 2600 VIRGINIA AVENUE LLC,2,2011,Watergate Building,2600 Virginia Avenue,20037,Office,1963,"217,716",0,,0,0,,
80811,0600 NEW HAMPSHIRE AV NW,WATERGATE HOLDINGS I LLC,2,2011,0600 New Hampshire Avenue NW (Watergate),600 New Hampshire Ave NW,20037,Office,1972,"266,215",0,,0,0,,
140068,2550 M ST NW,CARR CRHP DC/VA PROPERTIES LLC,2,2011,Westbridge Office Building,2550 M Street NW,20037,Office,1978,"208,325",67.1,226.4,81,1980.52,4099016.5,
240112,1250 24TH ST NW,WORLD WILDLIFE FUND INC,2,2011,WWF,"1250 24th Street, NW",20037,Office,1985,"331,053",68.1,213.7,82,2222.6,5143987,
240113,2400 N ST NW,AMERICAN COLLEGE OF CARDIOLOGY FOUNDATION,2,2011,American College of Cardiology Heart House,2400 N Street NW,20037,Office,1985,"219,951",82.2,249.9,61,1712.1,3885859,6244.538
240870,2401 M ST NW,LHCW HOTEL HOLDING (2002) LLC,2,2011,"Fairmont Washington, D.C., Georgetown","2401 M Street, NW",20037,Hotel,1985,"388,390",126.1,300,22,4867.6,9086807,177354.232
240871,2445 M ST NW,WRIT 2445 M LLC,2,2011,2445 M Street,2445 M Street N.W.,20037,Office,1986,"321,803",77.1,265.9,79,3515.41,7275747.3,
250808,2400 M ST NW,EQR-JBG 2400 RESIDENTIAL LLC,2,2011,2400 M Street,2400 M STREET NW,20037,Multifamily Housing,2006,"267,750",0,,0,0,,
251782,2425 L ST NW,THE COLUMBIA RESIDENCES CONDO,2,2011,The Columbia Residences,2425 L Street NW,20037,Multifamily Housing,2006,"549,021",0,,0,0,,
310837,2475 VIRGINIA AV NW,POTOMAC PLAZA APARTMENTS INC,2,2011,Potomac Plaza,"2475 Virginia Avenue, N.W.",20037,Multifamily Housing,1957,"316,550",0,,0,0,,
330087,2400 VIRGINIA AV NW,COLUMBIA PLAZA LP,2,2011,Columbia Plaza All Bldgs,2400 Virginia Ave NW,20037,Multifamily Housing,1968,"988,819",0,,0,0,,
360048,2300 N ST NW,TR 2300 N STREET CORP,2,2011,2300 N Street,2300 N Street,20037,Office,1986,"440,964",96.2,,46,3710.6,8587619,
360859,1201 24TH ST,HYATT EQUITIES LLC,2,2011,Park Hyatt Washington,1201 24th Street NW,20037,Hotel,1986,"421,400",88.5,,26,3472.8,7069567,78770.59
410040,2300 I ST NW,GEORGE WASHINGTON UNIVERSITY,2,2011,Ross Hall,"2300 I St, NW",20052,College/University,1973,"420,653",710.1,951.1,0,20596.99,15586360.4,2453816.6
430026,616 23RD ST,GEORGE WASHINGTON UNIVERSITY,2,2011,Ivory Tower,"616 23rd St, NW",20052,College/University,2004,"283,531",89.6,228.2,31,0,5093633.8,78195.2
500085,1250 22ND ST NW,EMBASSY/SHAW D C VENTURE,2,2011,Embassy Suites Hotels,1250 22nd street NW,20037,Hotel,1987,"306,123",35.9,37.6,100,584.79,0,109922.9
500086,1255 23RD ST,CAPITOL 50 ASSOCIATES,2,2011,Floyd Akers Building (DDOE),1255 23rd Street NW,20037,Office,1983,"347,805",60.2,200.9,84,2967.32,6141375,
560030,2201 G ST NW,GEORGE WASHINGTON UNIVERSITY,2,2011,"Funger, Duques, & Tompkins Halls","2201 G St and 725 23rd St, NW",20052,College/University,1970,"344,663",110.1,282.3,0,4291.54,7534905.2,122352.2
670059,2100 MASSACHUSETTS AV,NOIRO SOUTH LLC,2,2011,Fairfax at Embassy Row,2100 Massachusetts Ave NW,20008,Hotel,1927,"222,519",112,235,44,2204.7,3633695,119567.646
700195,1200 NEW HAMPSHIRE AV NW,N H STREET PARTNERS HOLDINGS LLC,2,2011,1200 New Hampshire,1200 New Hampshire Avenue,20036,Office,1979,"386,378",0,,0,0,,
713159,1177 22ND ST NW,22 WEST CONDO,2,2011,22 West A Condominium,"1177 22nd St, NW",20037,Multifamily Housing,2008,"225,414",77.7,181,0,1759.95,2743963.6,81606.7
720075,2106 M ST NW,HINES VAF 11 2100 M STREET LP,2,2011,2100 M Street,"2100 M Street, NW, Suite 620",20037,Office,1969,"325,821",57.1,195.2,84,2635.44,5454487.4,
720075,2106 M ST NW,HINES VAF 11 2100 M STREET LP,2,2011,2100 M Street II,2100 M Street,20037,Office,1969,"325,821",0,,0,0,,
720076,2101 L ST NW,CESC 2101 L STREET LLC,2,2011,2101 L St NW,2101 L St NW,20037,Office,1975,"475,836",77.7,244,75,3752.8,8685352,
730084,2121 - 2115 K ST NW,2121 K LLC,2,2011,2121 K Street,2121 K Street NW,20037,Office,1981,"224,547",50,156.1,83,1225.7,2836811,
760083,2021 K ST NW,2021 K L.L.C,2,2011,"2021 K Street, NW","2021 K St, NW",20006,Office,1972,"205,579",101.1,317.3,51,1901.5,4400857,
760085,2000 L ST NW,TRIZECHAHN LLC - 2000 L STREET,2,2011,2000L,2000L St N.W,20036,Office,1968,"427,334",0,,0,0,,
760091,2001 K ST NW,2001 K STREET LLC,2,2011,2001 K St,2001 K St NW,20006,Office,1998,"282,955",83.2,277.9,63,3333.49,6899230,
770059,0801 22ND ST NW,GEORGE WASHINGTON UNIVERSITY,2,2011,Academic Center,"801 22nd St, NW",20052,College/University,1982,"249,606",118.9,318.1,0,3469.44,6265366.7,83123.4
770060,0800 21ST ST NW,GEORGE WASHINGTON UNIVERSITY,2,2011,Marvin Center,"800 21st St, NW",20052,College/University,1970,"325,060",148.5,327.2,0,4864.83,7611810.4,222521.9
780847,2020 K ST NW,2020 K CORPORATION,2,2011,2020 K Street,2020 K Street N.W.,20006,Office,1976,"419,991",75.2,253.4,69,4782.73,9259314.3,
790064,2130 H ST,GEORGE WASHINGTON UNIVERSITY,2,2011,Gelman Library,2130 H St.,20052,Office,1973,"244,288",84.1,271.4,0,2907.89,6018378,
800056,2135 F ST,GEORGE WASHINGTON UNIVERSITY,2,2011,Residence Hall at Square 80,"2135 F St, NW",20052,College/University,2009,"214,829",98.3,219.5,55,2095.65,3223479.6,101159.2
850060,1909 K ST NW,NINA JO ASSOCIATES LLC,2,2011,The Millennium Building,1909 K Street,20006,Office,1999,"242,937",72.8,245.3,76,2504.62,5183746.5,
850844,1999 K ST,DEKA USA K STREET LP,2,2011,1999 K Street NW,1999 K Street NW,20006,Office,2009,"330,374",61,189.7,77,2196.1,5049980,2649.156
860042,1990 K ST NW,CONSORTIUM TWO 1990 K ST LLC,2,2011,1990 K Street,1990 K Street,20006,Office,1977,"269,000",71.7,239.6,67,2732.37,5654417,
940031,2015 MASSACHUSETTS AV NW,AREP EMBASSY ROW LLC,2,2011,2015 Massachusetts Avenue NW,2015 Massachusetts Avenue NW,20036,Hotel,1900,"283,072",42.7,124.7,85,1460.21,2709721,28376
990049,2000 N ST NW,ASN DUPONT CIRCLE LLC,2,2011,The Flats of Dupont Circle,2000 N St NW,20036,Multifamily Housing,1967,"423,631",40.5,105.8,0,1956.8,3462529.8,53348.7
990053,2001 M ST NW,POST OFFICE BOX ASSOCIATES LLC,2,2011,2001 M Street,2001M St. N.W.,20036,Office,1986,"246,096",0,,0,0,,
1000116,1120 20TH ST NW,LAFAYETTE CENTRE PROPERTY LLC,2,2011,Lafayette Center One,"1120 20th Street, NW",20036,Office,1983,"377,654",0,,0,0,,
1000118,1155 21ST ST NW,LAFAYETTE CENTRE PROPERTY LLC,2,2011,Lafayette Center Three,1155 21st Street NW,20036,Office,1986,"345,109",0,,0,0,,
1000897,2000 M ST NW,CASTLE FAMILY LP,2,2011,2000 M Street,2000 M Street NW,20036,Office,1971,"318,867",0,,0,0,,
1010058,2000 - 2040 PENNSYLVANIA AV NW,GEORGE WASHINGTON UNIVERSITY,2,2011,2000 Pennsylvania Avenue,2000 Pennsylvania Avenue,20006,Office,1982,"407,245",0,,0,0,,
1040835,2020 F ST NW,SMITH PROPERTY HOLDINGS 4411 CONNECTICUTT LLC,2,2011,2020 F Street NW,2020 F Street NW,20006,Multifamily Housing,1900,"260,159",90.7,152,0,1781.59,1743062,176577.9
1050844,1815-1821 PENNSYLVANIA AV,CTTWB ASSOCIATES LP,2,2011,CTTWB,1875 Pennsylvania Avenue,20006,Office,2005,"354,331",51.8,171.7,86,2600.76,5382717.7,
1050845,1801 PENNSYLVANIA AV,1801 PA AVE LLC,2,2011,1801 Pennsylvania Ave.,1801 Pennsylvania Ave.,20006,Office,1991,"280,001",89.4,280.7,53,0,5633123,
1060048,1800 K ST NW,"RAR2-1800 K ST NW -DC,INC",2,2011,1800 K Street,"1800 K Street, NW",20006,Office,1969,"224,864",79.7,282.8,51,2536.64,5250019.8,
1060049,1835 I ST NW,CARR CRHP PROPERTIES LLC,2,2011,International Square,"1875 Eye Street, NW",20006,Office,1978,"1,177,174",51.3,173.4,87,8548.5,17692592,
1070062,1825 K ST NW,CALVIN CAFRITZ ENTERPRISES,2,2011,1825 K Street,1825 K Street NW,20006,Office,1966,"254,527",73.1,189.7,81,2098.37,3673203.6,60825.5
1070075,1801 K ST,BLENHEIM DC LLC,2,2011,Blenheim DC I LLC,"1801 K Street, NW",20006,Office,1971,"607,433",47.5,162.4,90,4084.05,8452640.4,
1070077,1845 K ST,333 MARKET EXCHANGE TWO LLC AND 123 MA EXCHANGE ONE LLC,2,2011,1875 K,"1875 K Street, NW",20006,Office,2002,"204,217",65.7,219.4,80,1899.5,3931338.3,
1150085,1333 NEW HAMPSHIRE AV NW,BP 1333 NEW HAMPSHIRE AVE LLC,2,2011,1333 New Hampshire Ave.,"1333 New Hampshire Ave., NW",20036,Office,1978,"325,215",0,,0,0,,
1160073,1919 M ST NW,1919 M STREET ASSOCIATES,2,2011,1919 M Street,"1919 M Street, NW",20036,Office,1967,"368,882",78.8,247.4,60,2967.1,6867001,
1160077,1200 19TH ST,HINES 1200 NINETEENTH STREET LLC,2,2011,Hines 1200 Nineteenth Street Benchmarking,1200 19th St. NW,20036,Office,1964,"337,192",0,,0,0,,
1220029,1957 E ST,GEORGE WASHINGTON UNIVERSITY,2,2011,Elliott School,"1957-1959 E St, NW",20052,Office,2002,"254,162",87.8,218.1,0,0,4448907.5,69870.6
1260057,1776 K ST NW,RIDDELL PROPERTIES INC,2,2011,1776 K Street NW,1776 K Street NW,22202,Office,1969,"269,993",84.4,212.4,65,2159.4,3762740,
1260060,1775 I ST NW,L&B 1775 I STREET INC,2,2011,"L&B 1775 Eye Street, LLC","1775 Eye Street, NW",20006,Office,1969,"276,356",66,206,73,1715.6,3954801,1279.442
1260061,1727 I ST NW,FARRAGUT CENTER LLC,2,2011,Farragut Center,"1725 Eye Street, NW",200062407,Office,2001,"264,000",0,,0,0,,
1260062,1700-1730 K ST,COMMERCE BUILDING ASSOC & 1730 K ST ASSOC LLC,2,2011,1700 K St NW,1700 K St NW,20052,Office,2005,"523,033",71.5,213.2,76,3613.8,8083616,22798.438
1370056,1800 - 1824 MASSACHUSETTS AV NW,1800 MASSACHUSETTS AVENUE CORP,2,2011,1800 Massachusetts Avenue NW (SEIU),"1800 Massachusetts Avenue, NW",20036,Office,1979,"219,581",64.3,216.3,82,1952.62,3983077.7,5285.6
1380803,1330 CONNECTICUT AV NW,1330 CONNECTICUT AVENUE LLC,2,2011,"1330 Connecticut Ave., NW","1330 Connecticut Ave., NW",22204,Office,1984,"335,990",71.3,233.1,78,3579.48,7016457.8,
1400090,1111 19TH ST NW,COLUMBIA DC 1111 19TH ST OFFICE PROPERTIES LLC,2,2011,1111 19th St NW,1111 19th St NW,20036,Office,1979,"348,477",72.8,,76,2414,5586933,
1400092,1850 M ST NW,MANUFACTURERS LIFE INSURANCE,2,2011,1850 M St.,"1850 M St., NW",20036,Office,1986,"259,948",60.9,202.7,87,2242.29,4640812.7,
1400093,1801 L ST NW,ELEVEN-EIGHTEEN LIMITED PARTNERSHIP,2,2011,1801 L St. N.W.,1801 L St. N.W.,20036,Office,1989,"222,847",0,,0,0,,
1400095,1800 M ST NW,PRISA ACQUISITION LLC,2,2011,1800 M Street,"1800 M Street, NW",20036,Office,1975,"613,352",0,,0,0,,
1400907,1137 - 1141 19TH ST NW,1137 19TH STREET ASSOCIATES,2,2011,Verizon - 1133 19th St,1133 19th St NW,20036,Office,2000,"247,716",82,273.9,62,2876.19,5952775.2,
1420825,1800 G ST NW,NORTHWESTERN DEVELOPMENT CO,2,2011,Northwestern Building,1800 G Street NW,20006,Office,1970,"727,483",60,190.6,87,5669.46,11096827,57860.7
1590087,1711 RHODE ISLAND AV,YOUNG MEN'S CHRISTIAN ASSOCIATION OF METROPOLITAN WASHINGTON (YMCA),2,2011,1717 Rhode Island - 2021,"1717 Rhode Island Avenue, NW",20036,Office,2004,"244,623",57.2,179.7,77,1773.2,4103780,
1610032,1134 - 1140 CONNECTICUT AV NW,WRIT 1140 CT LLC,2,2011,1140 Connecticut Ave for DDOE,"1140 Connecticut Ave, NW",20007,Office,1966,"204,068",160.9,304.5,46,2833.91,3602862.6,205473.4
1610037,1120 CONNECTICUT AV NW,JACK I BENDER & SONS,2,2011,Bender Building,1120 Connecticut Ave. NW,20036,Office,1962,"373,219",64.8,198.7,81,3220.09,6254174,4965.9
1610038,1150 CONNECTICUT AV NW,NORTHWESTERN DEVELOPMENT COMPANY B,2,2011,Connecticut Building,1150 Connecticut Ave. NW,20036,Office,1975,"204,070",79.1,207.6,79,1982.77,3448546,2936
1610039,1130 CONNECTICUT AV NW,PENZANCE 1130 PROPERTY OWNER LLC,2,2011,1130 Connecticut Avenue DDOE,1130 Connecticut Avenue,20036,Office,1986,"250,190",57.2,194.3,82,2027.34,4195927.4,
1620037,1730 M ST NW,GERALD D GROSNER,2,2011,1730 M ST,1730 M St,20002,Office,1964,"303,772",82.5,204.4,79,1951.5,3758942,61674.003
1620095,1150 17TH ST NW,1150 17TH STREET ASSOCIATES,2,2011,1150 17th Street,1150 17th Street N.W.,20036,Office,1970,"382,653",75.3,232.4,63,2542.2,5821486,5045.677
1620096,1101 CONNECTICUT AV,WASHINGTON METROPOLITAN AREA TRANSIT AUTHORITY (WMATA),2,2011,1101 Connecticut Avenue DDOE,1101 Connecticut Avenue,20036,Office,1976,"202,878",79,263.8,0,2270.72,4699649.8,
1620099,1127 CONNECTICUT AV NW,WSRH WASHINGTON LLC,2,2011,9671n-Mayflower Renaissance,1127 Connecticut Ave Nw,20036,Hotel,1997,"628,696",105.4,238.8,46,6588.87,10150566,316622
1640035,1025 CONNECTICUT AV NW,BLAKE DEVELOPMENT COMPANY,2,2011,Blake Building,1025 Connecticut Ave. NW,20036,Office,1962,"348,428",76.8,220.1,84,3242.49,6028198,62003.3
1660032,1701 PENNSYLVANIA AV NW,ATLANTIC FREEHOLDS,2,2011,0166-0032 1701 PENN,1701 Pennsylvania Avenue NW,20006,Office,1962,"218,478",88.3,253,67,2446.16,4705447,32451
1680051,1730 PENNSYLVANIA AV NW,1730 PENN AVE LP,2,2011,1730 Pennsylvania Ave NW,1730 Pennsylvania Ave NW,20006,Office,1969,"259,838",71.7,239.4,80,2637.02,5457767.7,
1680823,1750 PENNSYLVANIA AV NW,CESC 1750 PENNSYLVANIA LLC,2,2011,1750 Pennsylvania Ave,1750 Pennsylvania Ave,20036,Office,1964,"394,372",83.3,221.7,74,2726.7,5631773,55269.708
1690070,1776 - 1742 G ST NW,WASHINGTON REAL ESTATE INVESTMENT TRUST,2,2011,1776 G Street,"1776 G Street, N.W.",20006,Office,1979,"292,396",59.3,198,0,2454.98,5080998.7,
1710033,1750 NEW YORK AV NW,UNITED UNIONS INC,2,2011,United Unions,"1750 New York Avenue, NW",20006,Office,1972,"277,553",78.8,217.2,76,3722.5,3463695,27301.381
1730809,1776 D ST NW,NATIONAL SOCIETY OF THE DAUGHTERS OF THE AMERICAN REVOLUTION,2,2011,DAR Building,"1776 D Street, NW",20006,Office,1903,"203,652",0,,0,0,,32586.181
1820828,1615 M ST,17M ASSOCIATES & DISTRICT OF COLUMBIA,2,2011,Sumner Square,1615 M Street,20036,Office,1984,"226,633",69.4,233.6,82,2228.23,4611699.7,
1830857,1101 17TH ST,1101 17TH STREET ASSOCIATES LTD,2,2011,1101 17th Street,1101 17th Street N.W.,20036,Office,1964,"322,270",94.6,221.9,70,2180.2,4022207,83340.428
1830879,1615 L ST NW,1615 L ST LLC,2,2011,1615 L Street,1615 L St NW,20036,Office,1984,"420,000",62.1,215.9,74,3691.62,7640433,
1840074,1601 K ST,PPF OFF 1601 K ST LLC,2,2011,1601 K Street,1601 K Street N. W.,20006,Office,2005,"231,423",57.3,189.9,83,1878.05,3886942.5,
1850828,1625 I ST,BFP 1625 EYE CO LLC,2,2011,1625 Eye Street,1625 Eye Street NW,20006,Office,2003,"402,621",0,,0,0,,
1960035,1201 16TH ST NW,NATIONAL EDUCATION ASSOCIATES,2,2011,National Education Association,"1201 16th St., NW",22036,Office,1957,"394,087",72.1,196.3,83,0,6304302.6,69051.2
1960834,1501 M ST,I&G DC REIT INC,2,2011,1501 M ST,1501 M ST,20005,Office,1991,"252,943",84.6,267,43,2094.2,4846764,
1970855,1152 15TH ST,MR COLUMBIA CENTER INVESTORS LLC,2,2011,Columbia Center,"1152 15th Street, NW",20005,Office,2007,"552,995",54.8,169.5,81,3014,6975419,
1980845,1030 15TH ST,1030 W. 15TH  LLC,2,2011,The Executive Building,"1030 15th Street, NW",20005,Office,1968,"416,707",46.7,126.7,85,1822.3,3795253,34367.301
1980846,1501 K ST,I B ASSOCIATES LIMITED PARTNERSHIP,2,2011,1501 K St NW,1501 K St NW,20002,Office,2001,"514,770",78.2,243,63,4144.1,9527367,5176.827
1990831,1575 I ST NW,1575 EYE STREET ASSOCIATES,2,2011,1575 Eye Street (DDOE),1575 Eye Street,20005,Office,1979,"209,252",65.5,212,84,1939.69,4014515,
1990832,1500 K ST NW,1500 K STREET LLC,2,2011,1500 K Street - The Southern Railway Building,1500 K Street NW,20005,Office,1928,"326,984",88.6,278.2,62,3289.7,7613636,
2120850,1499 MASSACHUSETTS AV,POST 1499 MASSACHUSETTS LLC,2,2011,Post Massachusetts Avenue,1499 Massachusetts Ave NW,20005,Multifamily Housing,2002,"237,796",46.6,113,0,1183.46,1967912.1,43726.6
2130017,1201 15TH ST,NATIONAL ASSOC OF HOME BUILDERS OF U S,2,2011,The National Housing Center Corporation,"1201 15th Street, NW",20005,Office,2001,"240,863",61,176.8,91,1870.89,3610786.2,23735.1
2140103,1133 15TH ST NW,1133 FIFTEENTH STREET LLC,2,2011,1133 15th Street,"1133 15th Street, NW",20005,Office,1969,"215,636",65.4,220.3,83,1607.87,4134394.8,
2140105,1125 15TH ST NW,1125 15TH STREET LLC,2,2011,1125 15th Street,"1125 15th Street, NW",20005,Office,1969,"285,264",55.4,186.1,87,2238.8,4633577.8,
2140106,1101 - 1117 15TH ST NW,1101 FIFTEENTH LLC,2,2011,1101 15th Street,"1101 15th ST, NW",20005,Office,1973,"221,350",0,,0,0,,
2140108,1110 VERMONT AV NW,1110 VERMONT LP,2,2011,1110 Vermont Ave,"1110 Vermont Ave, NW",20005,Office,1979,"319,596",56.7,189.2,88,2564.07,5306789,
2140109,1120 VERMONT AV NW,1120 VERMONT AVE ASSOCIATES LLP,2,2011,1120 Vermont Avenue,"1120 Vermont Avenue, NW",20005,Office,1979,"505,443",113.4,351,49,7698.27,15412750.4,47239.6
2140854,1177 15TH ST NW,JTCI5 MADISON HOTEL LP,2,2011,The Madison,1177 15th Street NW,20005,Hotel,1962,"215,697",145.6,327,30,2636.2,4612655,121181.971
2140859,0001 THOMAS CIR NW,THOMAS CIRCLE C F LLC,2,2011,ONE THOMAS CIRCLE,ONE THOMAS CIRCLE,20005,Office,1982,"238,444",0,,0,0,,
2160033,1015 15TH ST NW,1015 15TH STREET INC,2,2011,1015 15th Street,"1015 15th Street, NW",20005,Office,1979,"244,701",80.4,245.3,62,1950.4,4490777,1880.919
2170050,1425 K ST NW,BGW LP,2,2011,1425K,1425 K Street NW,20005,Office,2000,"253,863",83.7,279.4,60,3007.72,6224988,
2180077,1401 I ST,SRI EIGHT FRANKLIN TOWER LLC,2,2011,Franklin Towers,1401 I St,20005,Office,1991,"220,969",67.7,226.1,72,2118.56,4384715,
2180080,0901 15TH ST NW,MULLEN MANAGEMENT CO,2,2011,02180080_McPherson Building,901 15th Street NW,20005,Office,1987,"319,388",51.7,172.6,93,2336.78,4836366,
2200066,1401 H ST NW,TREA 1401 LLC,2,2011,City Center,"1401 H Street, NW",20005,Office,1992,"360,901",62.9,208.4,74,3217.16,6658453.6,
2200067,0875 15TH ST,BOWEN BUILDING LP,2,2011,875 15th St NW,875 15th St NW,20002,Office,2005,"290,867",101.2,317.7,41,3315.6,7673523,
2220022,733 15TH ST,15TH AND H STREET ASSOCIATES LLP,2,2011,15th and H Street Associates LLP,733 15th Street NW,20005,Multifamily Housing,1911,"240,129",0,,0,0,,
2220027,1415 NEW YORK AV NW,RPT 1425 NEW YORK AVE LLC,2,2011,50011 - 1425 New York Ave NW,1425 New York Ave NW,20005,Office,1992,"284,845",69.6,232.3,79,2806.23,5805816.1,
2220814,1445 NEW YORK AV NW,PONTE GADEA OF WASHINGTON LLC,2,2011,1445 New York,"1445 New York Avenue, NW",20005,Office,1985,"205,656",47.2,157.7,88,1375.4,2846625.3,
2230026,1401 G ST NW,CARR NP DC/VA PROPERTIES B LLC,2,2011,CNBB,"700 14th Street, NW",20005,Office,1988,"224,558",88.8,294.8,43,2823.2,5843098.1,
2240022,0613 15TH ST NW,METROPLITAN SQUARE ASSOCIATES LLC,2,2011,Metropolitan Square,"655 15th Street, NW",20005,Office,1982,"680,892",63.5,212,82,6120.61,12667643.7,
2250033,1401 - 1415 PENNSYLVANIA AV NW,WILLARD ASSOCIATES,2,2011,The Willard Hotel & Office Building (DDOE),1401 - 1455 Pennsylvania Avenue NW,20004,Hotel,1986,"643,725",118.2,306,30,8598.54,15084087.6,246312
2250803,1434 F ST NW,ISTITHMAR HOTELS WASHINGTON LLC,2,2011,W Hotel,515 15th ST NW,20004,Hotel,1917,"225,000",0,,0,0,,
2450844,10 THOMAS CIR,WASHINGTON PLAZA HOTEL,2,2011,Washington Plaza Hotel,"10 Thomas Circle, NW",20005,Hotel,1963,"300,357",0,,0,0,,
2470096,1331 L ST,MANGER 8-10-34 TRUST PARTNERS LLC,2,2011,The CoStar Group Building,"1331 L Street, NW",20005,Office,2008,"250,989",64.2,201.7,84,1610,3726197,
2480075,1330 L ST NW,FRANKLIN COURT INC,2,2011,Franklin Court,1099 14th Street NW,20005,Office,1991,"661,453",72.1,225.8,67,4630.3,10699100,1396.527
2480830,1301 K ST NW,1301 K STREET LP,3,2011,One Franklin Square,1301 K Street Nw,20005,Office,1990,"651,869",50.4,166.7,90,4648.15,9620143.5,
2500046,1333 - 1343 H ST NW,MG-1333 LLC,2,2011,MG-1333,1333 H Street NW,20005,Office,1982,"334,151",54.6,171.3,88,1894,4383443,
2500047,1301 NEW YORK AV NW,800 13TH STREET ASSOCIATES,2,2011,1301 New York Ave,"1301 New York Ave., NW",20001,Office,1983,"201,386",67.5,223.2,85,1910.18,3934126.1,1754.6
2500051,1300 I ST NW,TIAA FRANKLIN SQUARE LLC,2,2011,Franklin Square - DC UBI 0250-0051,1300 I Street,20005,Office,1989,"517,464",62.3,195.5,82,3885.6,8992730,
2500857,1350 I ST NW,1350 EYE CO-TENANT LLC,2,2011,1350 I Street,1350 I Street N.W.,20005,Office,1988,"385,703",79,264,73,4316.62,8933988,
2520079,1325 G ST NW,BEHRINGER HARVARD 1325 G STREET LLC,2,2011,1325 G Street,1325 G Street,20005,Office,1968,"333,484",71.9,198.1,92,3062.73,5632843.8,4057.1
2520083,0700 13TH ST NW,BCSP 700 THIRTEENTH STREET PROPERTY LLC,2,2011,700 13th Street,700 13th Street,20005,Office,1988,"241,108",0,,0,0,,
2530847,0600 13TH ST NW,UNION INVESTMENT REAL ESTATE GMBH,2,2011,600 13th Street #2,600 13th St. NW,20005,Office,1997,"276,365",0,,0,0,,
2540053,0529 14TH ST NW,CPT NP BUILDING LLC,2,2011,National Press Building,529 14th Street NW,20004,Office,1928,"489,395",78.8,239,73,4970.84,9678468.4,55358.5
2540835,1301 E ST NW,1301 ASSOCIATES,2,2011,"1301 Pennsylvania Ave., NW",1301 Pennsylvania Ave. NW,20004,Office,1981,"231,902",0,,0,0,,
2540838,1331 PENNSYLVANIA AV,JWDC LP,2,2011,33769-J.w. on Pennsylvania AVE,1331 Pennsylvania Ave Nw,20004,Hotel,1984,"695,364",86.1,224.4,64,6791.36,11954635,190838
2540839,1331  NW,NATIONAL PLACE LAND COMPANY LLC,2,2011,National Place,1331 Pennsylvania Ave. NW,20004,Office,1984,"594,315",0,,0,0,,
2670042,1201 12TH ST,PARCEL 47D LLC,6,2011,1201 Maryland Avenue,"1201 Maryland Avenue, SW",20024,Office,2005,"513,856",0,,0,0,,
2830826,1234 MASSACHUSETTS AV NW,PETER N G SCHWARTZ TRUSTEES,2,2011,1234 Massachusetts Avenue NW,1234 Massachusetts Avenue NW,20005,Multifamily Housing,1900,"258,603",66.6,136.7,0,1615.47,2318063,93131
2840042,1220 L ST NW,13TH AND L ASSOCIATES,2,2011,1220 L Street,"1220 L Street, NW",20005,Office,1983,"363,529",58.5,183.6,76,2380.6,5509489,
2850047,1225 I ST NW,1225 I STREET NW LP,2,2011,1225 Eye Street,1225 Eye Street NW,20005,Office,1988,"247,426",63.6,212.3,79,2228.24,4611717.4,
2850048,1201 I ST,1215 I STREET NW ASSOCS LTD PARTNERSHIP,2,2011,1201 Eye Street,1201 Eye Street NW,20005,Office,2002,"283,698",68.5,232,80,2752.95,5697693.8,
2850049,1200 K ST NW,1200 K ST I CO LLC,2,2011,1200 K Street,1200 K Street NW,20005,Office,1992,"424,336",0,,0,0,,
2870038,1200 NEW YORK AV NW,AMERICAN ASSOCIATION FOR THE ADVANCEMENT OF SCIENCE,2,2011,1200 New York Avenue NW (AAAS),1200 New York Avenue NW,20005,Office,1996,"211,432",0,,0,0,,
2880058,1250 H ST NW,HUB PROPERTIES TRUST,2,2011,Herald Square,"1250 H Street, N.W.",20005,Office,1990,"256,300",64.4,202.2,84,1696.7,3926673,
2880846,700 12TH ST,CLPF ONE METRO LP,2,2011,0701 Thirteenth Street NW (One Metro),701 13th Street NW,20005,Office,2003,"456,936",82.1,271.2,75,5306.23,10976711.1,494.2
2880847,1201 G ST NW,MACY'S RETAIL HOLDINGS INC,2,2011,(71068A) METRO CENTER,1201 G. STREET NW,20005,Office,1985,"272,371",46.9,150,84,1808.51,3743024.9,
2890830,0601 13TH ST NW,S KANN SONS COMPANY,2,2011,0601 Thirteenth Street NW (Homer),"601 13th Street, NW",20005,Office,1990,"498,097",58.8,196.2,83,4144.08,8576878,
2890832,1201 F ST NW,1201 F STREET LLC,2,2011,1201 F Street,1201 F Street NW,20004,Office,2000,"204,578",87.4,290.9,61,6175.74,5214381.9,829.3
2900044,0501 13TH ST NW,WARNER INVESTMENTS LP,2,2011,1299 Pennslyvania Ave NW,1299 Pennslyvania Ave NW,20004,Office,1992,"848,996",56,175.7,72,5567,12884040,
2910037,1201 PENNSYLVANIA AV NW,1201 LAND LP,2,2011,1201 Pennsylvania Ave.,1201 Pennsylvania Ave.,20004,Office,1981,"505,198",95,295,39,0,10821200,
2990832,1250 MARYLAND AV SW,PARCEL 49B LP,6,2011,Portals I - 1250 Maryland Ave,"1280 Maryland Avenue, SW",20024,Office,1992,"583,876",0,,0,0,,
2990833,0445 12TH ST SW,PARCEL 49C LIMITED PARTNERSHIP,6,2011,Portals II -  445 12th St,"445 12th Street, SW",20024,Office,1992,"738,686",85.3,285.6,0,21845.47,18458043.4,
3160032,1020 11TH ST NW,12TH & L STREET LTD,2,2011,1100L,1100 L Street NW,20005,Office,1972,"335,168",82.4,239,76,3556.47,6569361,
3170841,1101 NEW YORK AV,1101 NEW YORK HOLDINGS LLC,2,2011,1101 New York Ave,1101 New York Ave NW,20005,Office,2007,"386,498",0,,0,0,,
3190863,0775 12TH ST NW,HMC RETIREMENT PROPERTIES,2,2011,33721-Washington Metro Center,775 12th St Nw,20005,Hotel,1994,"450,000",69.5,195.1,75,3701.34,6752363,82484
3190864,0700 - 1111 11TH ST NW,1991 ACQUISITION FUND ONE,2,2011,700 Eleventh Street w/ Cosi,700 Eleventh Street NW,20001,Office,1991,"347,864",0,,0,0,,
3200028,1155 F ST,JEMAL'S SQUARE 320 LLC,2,2011,"Jemal's Square 320, LLC",1155 F ST,20004,Office,2009,"250,692",78.2,286.5,72,6801.31,5746676,
3210027,0555 12TH ST NW,MANUFACTURERS LIFE INSURANCE,2,2011,"MANULIFE FINANCIAL, 555 12TH STREET",555 12TH STREET  NW,20004,Office,1994,"887,642",54.4,181.7,89,6839.48,14155479.8,
3220020,1111 PENNSYLVANIA AV NW,PRESIDENTIAL BUILDING LLC,2,2011,1111 Penn,"1111 Pennsylvania Ave, NW",20004,Office,1967,"387,389",81.7,267,69,4480.88,9273954.5,
3220021,1101 PENNSYLVANIA AV NW,TC 1101 PENNSYLVANIA AVENUE OWNER LLC,2,2011,Evening Star Building 2,1101 Pennsylvania Ave NW,20004,Office,1989,"239,793",70.6,236.6,70,2397.92,4962909,
3270840,0500 12TH ST,POTOMAC CENTER NORTH INC,6,2011,Potomac Center North,500 12th Street SW,20024,Office,2005,"517,142",73.6,242.6,90,5389.58,11154650.7,
3300800,1000 FLORIDA AV NW,HOWARD UNIVERSITY,1,2011,HU Service Building,1000 FLORIDA AVE NW/2244 10TH St. NW,20059,Office,1903,"218,339",41.7,132.1,94,1288.13,2666004.8,
3430023,1000 K ST,1000 K LLC,2,2011,Embassy Suite Convention Center Hotel,900 10th street nw,20001,Hotel,2005,"227,934",0,,0,0,,
3450041,1001 G ST NW,WASHINGTON CENTER TRUSTEE LLC,2,2011,Washington Center,1001 G Street NW,20001,Office,1989,"366,055",76.4,255.3,79,3962.26,8200567.9,
3460805,1025 F ST NW,JEMAL'S CAYRE WOODIES LLC,2,2011,"Jemal's Cayre Woodies, LLC","1025 F Street, NW",20004,Office,1927,"531,458",63.4,211.9,68,4775.17,9883030,
3470022,0555 11TH ST NW,LINCOLN CIRCLE ASSOCIATES LLC,2,2011,Lincoln Square,555 11th St. NW,20004,Office,2001,"579,120",60,188.4,84,3611.6,8358550,
3480832,1001 - 0429 PENNSYLVANIA AV NW,TEACHERS INSURANCE & ANNUNITY ASSOCIATION OF AMERICA,2,2011,1001 Pennsylvania Ave,"1001 Pennsylvania Ave, NW",20004,Office,1985,"808,835",73.3,250.3,75,8400.82,17386931.8,
3690068,0930 M ST NW,MOUNT VERNON PLAZA ASSOCIATES & DISTRICT OF COLUMBIA,2,2011,Mount Vernon Plaza Associates,"930 M Street, NW",20001,Multifamily Housing,1989,"268,274",17.6,,0,526.5,1218410,
3711349,901 K STREET NW,901 K ST CONDO,2,2011,901 K Street (DDOE),"901 K Street, NW",20001,Office,2009,"285,761",39.2,130.9,96,1585.61,3281681.5,
3720034,0901 NEW  YORK  AV NW,BP/CRF 901 NEW YORK AVENUE LLC,2,2011,901 New York Avenue,"901 New York Ave., NW",20001,Office,2004,"540,016",68.7,227.3,81,5206.18,10720550.4,4952.9
3750125,0750 9TH ST NW,750 NINTH STREET LLC,2,2011,Victor Building - 252510,750 9th Street NW,20001,Office,2000,"332,007",0,,0,0,,
3770040,0901 E ST NW,THE PEW CHARITABLE TRUSTS,2,2011,The Pew Charitable Trusts,901 E Street NW,20004,Office,1989,"338,019",58.7,184.3,81,1947.7,4507672,
3770044,0950 F ST,JEMAL'S ATLANTIC LLC,2,2011,"Jemal's Atlantic, LLC","950 F Street, NW",20004,Office,1887,"242,307",93.7,313.1,62,7878.29,6656658.8,
3860001,0901 D ST SW,CIM URBAN REIT PROPERTIES V LLC,6,2011,901 D,"901 D Street,SW",20024,Office,1988,"424,101",71.4,214.6,81,4072.55,8163010,24143.5
3870866,0400 10TH ST SW,POTOMAC CREEK ASSOCIATES LP,6,2011,L Enfant Plaza - NORTH,"955 L'Enfant Plaza, SW",20024,Office,1905,"382,503",90.2,246.3,69,4119.96,7575118,86447
3870868,0450 10TH ST SW,L'ENFANT COLONY LLC,6,2011,950 L'Enfant,"950 L'Enfant Plaza, SW",20024,Office,1969,"403,230",89.1,,68,3146.9,6596005,52589.301
4030836,0999 9TH ST NW,SUNTONE K9 LLC,2,2011,9671p-Washington DC Renaissance,999 9th Street Nw,20001,Hotel,1997,"715,000",74.8,207.5,56,6304.27,11467693,143504
4030837,0801 I ST NW,801 EYE STREET ASSOCIATES LLC,2,2011,801 Eye Street,"801 Eye Street, NW",20001,Office,1990,"335,909",66.5,222.1,86,3162.69,6545733.6,
4030838,0800 K ST NW,800 K STREET ASSOCIATES LLC,2,2011,800 K Street,"800 K Street, NW",20001,Office,1989,"536,839",80.5,261.2,69,6121.49,12669476,
4030839,900 7TH ST,IBEW HEADQUARTERS BUILDING LLC,2,2011,0900 Seventh Street NW (IBEW),900 Seventh Street NW,20005,Office,2004,"339,591",79,251.9,79,3640.66,7340057,17702.4
4050024,0701 9TH ST NW,BFP 701 9TH CO LLC,2,2011,Edison Place,701 9th Street,20001,Office,2001,"407,764",67.8,226.5,78,3916.09,8105025.5,
4060026,505 9TH ST,KEG ASSOCIATES I LLC,2,2011,505 9th Street,505 9th Street,20004,Office,2007,"368,831",63,208.8,81,3258.39,6704381.1,3579.8
4280020,0810 7TH ST NW,KAN AM 810 SEVENTH STREET LP,2,2011,810 7th St N.W.,810 7th St N.W.,20001,Office,1991,"297,676",0,,0,0,,
4490059,1107 7TH ST NW,BISHOP S C MADISON TRUSTEE,6,2011,McCollough Paradise Gardens Apartments,1100-1119 McCollough Court NW,20001,Multifamily Housing,1982,"235,784",4.6,10.8,0,106.2,193135,4283.676
4550839,0700 6TH ST,BERGMANNS INC,2,2011,0700 Sixth Street NW (USAA),"700 Sixth Street, NW",20001,Office,2009,"306,459",39.3,131.3,0,1706.01,3530874.3,
4563068,575 7TH STREET NW,THE OFFICES @ TERRELL PLACE,2,2011,Terrell Place,"575 7th Street, NW",20004,Office,2003,"649,324",68.5,202.9,79,4450.1,9905927,32009.371
4563068,575 7TH STREET NW,THE OFFICES @ TERRELL PLACE,2,2011,Terrell Place With Retail,575 7th Street NW,20004,Office,2003,"539,998",69.4,216.3,81,4985.28,9913064.7,36767
4570038,0601 D ST NW,LHL REALTY COMPANY,2,2011,The Patrick Henry Building,"601 D Street, NW",20004,Office,1973,"544,911",67.1,220.6,78,5112.28,10499986.5,7155.7
4570039,0600 E ST NW,6TH & E ASSOCIATES LLC,2,2011,600 E Street,"600 E Street, NW",20004,Office,1975,"356,387",58.3,194.8,80,2942.75,6090517,
4570039,0600 E ST NW,6TH & E ASSOCIATES LLC,2,2011,1919 Pennsylvania Avenue,1919 Pennsylvania Ave. NW,20006,Office,1978,"291,330",58.9,178.8,86,2268.5,4495041,18164.6
4630024,0600 MARYLAND AV SW,OCEAN VIEW DEVELOPMENT COMPANY LP,6,2011,Capital Gallery,"600 Maryland Ave., SW",20024,Office,1982,"571,431",63.1,209.2,87,5070.13,10452260.9,3746.1
4682265,0700 7TH ST SW,TOWN SQUARE TOWERS CONDO,6,2011,Town Square Towers,700 7th St SW,200242459,Multifamily Housing,1967,"316,212",65.8,131.6,0,1867.38,2523430,121831
4860833,0777 6TH ST,MEPT 777 6TH STREET LLC,2,2011,777 Sixth Street NW - 2781,"777 6th Street, NW",20001,Office,2005,"204,736",72.4,242,74,2100.4,4347135.2,
4863050,770 5TH STREET NW,AVALON @ GALLERY PL CONDOM,2,2011,770 5th Street NW,770 5th Street NW,20226,Multifamily Housing,1900,"212,029",23.8,63.8,0,578.37,1029040,15258
4880843,0500 5TH ST,NAS TITLE HOLDING LLC,2,2011,Keck Center,500 Fifith Street NW,20001,Office,2002,"581,430",80.1,,0,3784.5,8758723,
4890021,0450 5TH ST NW,JUDICIARY PLAZA LLC,2,2011,Liberty Square,"450 5th Street, NW",20001,Office,1982,"543,682",0,,0,0,,
4940032,0400 VIRGINIA AV SW,400 VIRGINIA AVENUE LLC,6,2011,400 Virginia Avenue,400 Virginia Avenue SW,20024,Office,1986,"252,289",44.8,149.6,94,1600.68,3312888.2,
4950107,0500 E ST SW,SCHOOL STREET ASSOCIATES,6,2011,"500 E Street, SW","500 E Street, SW",20024,Office,1987,"280,118",78.6,254.6,81,3119.16,6455631.8,
5020184,0461 N ST SW,TIBER ISLAND COOPERATIVE HOMES,6,2011,"Tiber Island Cooperative Homes, Inc.",429 N Street SW,20024,Multifamily Housing,1965,"315,832",94.6,204.3,0,2731.6,4566998,142877.286
5030116,0500 - 1301 N ST SW,HARBOUR SQUARE OWNERS INC,6,2011,Harbour Square,"500 N Street, SW",20024,Multifamily Housing,1966,"706,408",71.1,122.2,0,3990.34,4374928,352726.6
5150157,0401 K ST NW,PARCEL ONE PHASE ONE ASSOCIATES,6,2011,Parcel One Phase One Associates,"401 K Street, NW",20001,Multifamily Housing,1980,"239,622",75.5,,0,1533.6,2285432,102900.902
5152898,0475 K ST NW,THE K @ CITY VISTA CONDO,6,2011,The K @ City Vista,475 K ST NW,20001,Multifamily Housing,2008,"324,296",28.4,47.7,0,689.4,800882.3,64699.256
5173053,450 MASSACHUSETTS AVENUE NW,MERIDAN ON MASS AV CONDO,2,2011,450 Massachusetts Avenue NW,450 Massachusetts Avenue NW,20001,Multifamily Housing,1900,"409,410",0,,0,0,,
5173063,0400 MASSACHUSETTS AVE NW,400 MASS AVE CONDOMINIUMS,2,2011,400 Massachsetts Ave Condominium,400 Massachusetts Ave NW,200163300,Multifamily Housing,2004,"249,965",49.6,106.2,0,1140.94,1594559,69643.4
5370810,425 3RD ST,SQUARE 537 ASSOCIATES LP,6,2011,Capitol View,"425 3rd Street, SW",20024,Office,2007,"315,355",0,,0,0,,
5370811,0410 4TH ST,RIGGS BANK TRUSTEE,6,2011,Patriots Plaza I - 2061,395 E Street S.W.,20024,Office,2005,"279,704",89.6,299.1,76,11599.85,7341222.5,
5370812,375 E ST,RIGGS BANK N.A. TRUSTEE,6,2011,Patriots Plaza II - 2261,"375 E Street, SW",20024,Office,2009,"345,025",31.2,104.3,99,1525.53,3157343.7,
5370813,355 E ST,RIGGS BANK N.A. TRUSTEE,6,2011,Patriots Plaza III - 2262,"355 E Street, SW",20024,Office,2009,"202,140",88.5,295.7,43,2534.26,5245084.3,
5380873,250 E ST,WELLS REIT/INDEPENDENCE SQARE LLC,6,2011,One Independence Square,250 E. Street SW,20024,Office,1991,"378,045",76.6,247,76,4100.41,8486505.7,
5380874,0300 E ST SW,WELLS REIT/INDEPENDENCE SQUARE LLC,6,2011,Two Independence Square-NASA,300 E St SW,20024,Office,1991,"659,030",75.3,237.7,78,6897.75,14120092.5,14166.5
5400110,0301 G ST SW,CAPITOL PARK APARTMENTS LIMITED PARTNERSHIP,6,2011,Capitol Park Towers,"301 G. Street, SW",20024,Multifamily Housing,1962,"317,593",122.8,203.9,0,2902.52,2745200,296263
5402838,0800 4TH ST SW,POTOMAC PLACE TOWER,6,2011,Potomac Place Tower,800 4th Street SW,20024,Multifamily Housing,1958,"324,756",35.7,108.3,0,0,3233803,
5420827,1101 4TH ST,USGBF WATERFRONT STATION LLC,6,2011,1101 4th Street SW at Waterfront Station II,1101 4th Street SW,20024,Office,2010,"480,986",71.3,224,81,0,6557041,
5420870,1100 4TH ST,USGBF WATERFRONT STATION LLC,6,2011,1100 4th Street at Waterfront Station l,1100 4th Street SW,20024,Office,2010,"582,576",94.6,268.1,76,3914.2,8446770,49273.019
5462282,0240 M ST SW,THE CARROLLSBURG CONDO,6,2011,"Carrollsburg, A Condominium",1250 4th St. SW,20024,Multifamily Housing,1974,"486,912",92.3,151.9,0,3392.67,3322292,335985.8
5630016,0111 MASSACHUSETTS AV NW,JEMAL'S DARTH VADER LLC,6,2011,"Jemal's Darth Vader, LLC","111 Massachusetts Ave, NW",20001,Office,1983,"310,129",81.7,272.8,50,3586.74,7423371,
5680043,0501 3RD ST NW,COMMUNICATIONS WORKERS OF AMERICA,2,2011,Communications  Workers of America Building,"501 Third Street, N.W.",20001,Office,1991,"217,705",87.8,293.1,46,2705.48,5599464.2,
5690865,0120 F ST NW,GEORGETOWN UNIVERSITY,6,2011,Gewirz Residence Building,120 F St.,20001,College/University,1993,"225,264",51.5,140,67,1344.49,2411706,33689.3
5740025,0101 CONSTITUTION AV NW,UNITED BROTHERHD CRPT JNR AM NATL H S FD,6,2011,101 Constitution,"101 Constitution Avenue, NW",20001,Office,2002,"745,703",73.4,230.5,76,4915,11375140,
6130010,2100 2ND ST SW,"2100 2ND ST HOLDINGS, LLC",6,2011,U.S. Coast Guard,2100 2nd Street SW,20593,Office,1973,"587,776",64,213.6,89,5323.76,11018423,
6220089,0800 NORTH CAPITOL ST NW,WEH CAPTIOL LLC,6,2011,800 N CAPITOL,"800 N CAPITOL STREET, NW",20004,Office,1989,"322,538",66,219.9,83,2424.65,6234646.2,
6250061,0025 MASSACHUSETTS AV,25 MASSACHUSETTS AVE PROPERTY LLC,6,2011,Republic Square - 25 Mass Ave,"25 Massachusetts Ave, NW",20001,Office,2006,"377,979",56.4,183,80,3016.61,6243386,
6260078,0020 - 0011 MASSACHUSETTS AV NW,GOVERNMENT PROPERTIES INCOME TRUST LLC,6,2011,20 Massachusetts Avenue,20 Massachusetts Avenue NW,20001,Office,1973,"420,964",63.8,187.4,86,2626.4,5831783,20088.999
6260079,601 NEW JERSEY AV,601 NEW JERSEY AVE LLC,6,2011,601 New Jersey Avenue,601 New Jersey Avenue,20001,Office,2001,"275,102",62.8,210,88,2448.15,5066867.6,
6280893,0525 NEW JERSEY AV NW,OPERATING ENGINEERS FUND,6,2011,Washington Court Hotel on Capitol Hill,525 New Jersey Avenue NW,20001,Hotel,1983,"283,940",87.7,207.1,52,2397.5,4446286,89747.021
6300071,0400 NORTH CAPITOL ST NW,JAMES J HAYES,6,2011,Hall of the States,"400/444 North Capitol Street, NW",20001,Office,1975,"846,193",59.9,188.2,86,4600.2,10646490,
6310809,0051 LOUISIANA AV,51 LINCOLN LLC,6,2011,51 Louisiana Ave. NW,51 Louisiana Ave. NW,20001,Office,1990,"205,580",129.1,405.4,36,3361.6,7779979,
6400069,0499 SOUTH CAPITOL ST SW,MARFAIR JOINT VENTURE,6,2011,Fairchild Building,499 S Capitol St SW,20003,Office,1981,"283,579",112.6,292.1,60,2837.6,5523681,
6660015,1900 HALF ST SW,JEMAL'S LAZRIV WATER LLC,6,2011,"Jemal's Lazriv, LLC","1900 Half Street, SW",20003,Office,1975,"500,203",65.6,216.6,71,4614.38,9507358,3895
6690854,64 NEW YORK AV,BREOF 64 NEW YORK AVE REO LLC,5,2011,64 New York Avenue,"64 New York Avenue, NE",20002,Office,2000,"379,147",52.4,172.3,86,2771.15,5682924.8,4763.7
6720849,1200 FIRST ST NE,VEF-VN Capitol Plaza I LLC,6,2011,125310 - Capitol Plaza I,1200 1st Street NE,20002,Office,2007,"303,703",0,,0,0,,
6750832,77 K ST,77 K STREET TOWER LLC,6,2011,77K Street Towers,77k Street NE suite 100,20002,Office,2008,"364,976",0,,0,0,,
6750847,830 1ST ST,CIM URBAN REIT PROPERTIES VI LP,6,2011,"830 First Street, NE","830 First Street, NE",20004,Office,2001,"252,992",74.1,247.4,81,2135.92,5492218,
6750850,840 1ST ST,FP 840 FIRST STREET LLC,6,2011,840 First Street NE,840 1st Street NE,20002,Office,2003,"372,491",72.3,209.1,82,2344.4,5127000,24330.102
6770142,0777 NORTH CAPITOL ST NE,CENTER PUBLIC ADMINISTRATION,6,2011,Center for Public Administration and Service,777 North Capitol St. NE,20002,Office,1989,"229,832",113.6,379.4,70,3696.96,7651490.7,
6970045,1015 HALF ST,HALF STREET SE LLC,6,2011,Half Street,1015 Half St. SE,20003,Office,2010,"559,116",0,,0,0,,
6980032,0020 M ST,SOUTHEAST REALTY LLC,6,2011,20 M,20 M Street S.E.,20036,Office,2006,"204,303",67.4,225.1,74,1950.23,4036328.5,
6990028,80 M ST,WELLS REIT II 80 M STREET LLC,6,2011,80 M Street SE,"80 M Street , SE",20003,Office,2001,"319,955",53.1,172.4,93,2339.77,4762621.3,7259.9
7110809,145 N ST,TWO CON LLC,6,2011,Two Constitution Square - Including Retail,"145 N Street, NE",20002,Office,2010,"741,377",65.2,201.5,84,4894.1,11240750,6991.827
7120111,0131 M ST,UNION STATION ASSOCIATES LTD,6,2011,One NoMa Station,"131 M St., N.E.",20002,Office,1937,"436,178",76.1,239.5,70,4522.68,9135631.1,20419.7
7200824,0100 F ST,SECOND ST HOLDING LLC,6,2011,Station Place I,"100 F Street, NE",20002,Office,2005,"802,199",68,230.3,82,7729.21,15996933.1,
7200825,600 2ND ST,600 SECOND ST HOLDINGS LLC,6,2011,Station Place II,600 Second Street NE,20002,Office,2005,"381,401",67,223.1,80,3621.19,7494663.1,
7200826,700 2ND ST,SEVEN HUNDRED 2ND STREET HOLDINGS LLC,6,2011,Station Place III,700 Second Street NE,20002,Office,2009,"521,726",83.3,283.5,75,6151.93,12732482.2,
7410816,1000 NEW JERSEY AV,CAPITOL HILL TOWER HOUSING COOPERATIVE INCF,6,2011,Capitol Hill Tower Housing Cooperative,"1000 New Jersey Ave, SE",20003,Multifamily Housing,2006,"425,000",10.8,33.1,0,599.2,1179743,5486.1
7420039,1100 NEW JERSEY AV,SQUARE 742 LLC,6,2011,Federal Gateway 1,"1100 New Jersey Ave., SE",20003,Office,2003,"303,458",77.4,245.7,91,3292.67,6774527,3653.3
7512930,201 I STREET NE,SENATE SQUARE TOWERS,6,2011,Senate Square,201 I St. NE,20002,Multifamily Housing,2008,"548,941",0,,0,0,,
7700809,1200 NEW JERSEY AV,JBG/FEDERAL CENTER LLC,6,2011,USDOT Building,"1200 New Jersey Ave, SE",20590,Office,2007,"1,578,431",76.2,209.7,94,14530.88,26951375,283612.4
8000029,0300 M ST SE,FEDERAL CENTER LP,6,2011,300 M Street SE,300 M Street SE,20003,Office,2001,"403,096",59.2,185.7,78,2275,5265165,
10452860,1391 PENNSYLVANIA AVE SE,JENKINS ROW CONDOMINIUM,6,2011,Jenkins Row Condominium,1391 Pennsylvania Ave SE,20003,Multifamily Housing,2007,"220,808",12.7,39.8,0,354.2,819769,
11730820,3000 K ST NW Unit: 500,RP MRP WASHINGTON HARBOUR LLC,2,2011,Washington Harbour,3000-3050 K Street,20007,Office,1985,"666,283",0,,0,0,,
11880118,1010 - 1014 WISCONSIN AV NW,WATERFRONT CENTER LP,2,2011,Waterfront,1010-1014 Wisconsin Ave NW,20007,Office,1975,"320,940",83.7,259.9,55,2248,5166703,2918
11900078,1000 THOMAS JEFFERSON ST NW,1000 JEFFERSON ASSOCIATES,2,2011,1000 Thomas Jefferson Street NW,1000 Thomas Jefferson Street NW,20007,Office,1980,"206,122",102,318.3,42,1999,4626464,
11900842,1050 THOMAS JEFFERSON ST NW,KIRSTEIN GERWIRZ AND ABEL,2,2011,1050 Thomas Jefferson Street NW,1050 Thomas Jefferson Street NW,20007,Office,1981,"277,451",103.9,326.3,37,2718.2,6290880,
11910071,1055 THOMAS JEFFERSON ST NW,THE FOUNDRY GEORGETOWN LLC,2,2011,Foundry Building,1055 Thomas Jefferson St NW,20007,Office,1973,"336,868",63.2,198.5,75,1765.3,4085441,
11950030,2800 PENNSYLVANIA AV NW,SHC WASHINGTON LLC,2,2011,"Four Seasons Washington, DC",2800 Pennsylvania Avenue NW,20007,Hotel,1976,"575,458",136.6,290.8,19,5727.1,9540897,302339.634
12220062,3515 PROSPECT ST NW,GEORGETOWN UNIVERSITY,2,2011,Preclinical Science & Basic Science Building (Medical Center),"3900 Reservoir Road, N.W.",20057,Office,1972,"274,755",230.5,479.7,0,6530.73,7171635,
13000532,2500 WISCONSIN AV NW,CARILLON HOUSE LP,3,2011,Carillon House,"2500 Wisconsin Avenue, NW",20007,Multifamily Housing,1954,"366,940",73.2,135.3,0,1968.2,2725727,148950.294
13210827,3800 RESERVOIR RD,PRESIDENT & DIRECTORS OF GEORGETOWN UNIVERSITY,2,2011,Southwest Quadrangle,"37th and O St., NW",20007,College/University,2003,"987,943",26.2,82.2,90,3522.48,6912011,
13210827,3800 RESERVOIR RD,PRESIDENT & DIRECTORS OF GEORGETOWN UNIVERSITY,2,2011,Leavey Center,"3800 Reservoir Road, N.W.",20057,Hotel,1988,"260,566",172.1,376.2,0,4700.22,5426563.2,
13210827,3800 RESERVOIR RD,PRESIDENT & DIRECTORS OF GEORGETOWN UNIVERSITY,2,2011,Intercultural Center,"37th and O St., NW",20007,Office,1983,"224,578",97.8,229.7,0,2437.4,3292245.7,
13210827,3800 RESERVOIR RD,PRESIDENT & DIRECTORS OF GEORGETOWN UNIVERSITY,2,2011,Village C,"37th and O St., NW",20007,College/University,1986,"210,032",76.7,162.1,70,1643.03,1735609,
13210827,3800 RESERVOIR RD,PRESIDENT & DIRECTORS OF GEORGETOWN UNIVERSITY,2,2011,Lauinger Library,"37th and O St., NW",20007,College/University,1970,"203,238",0,,0,0,,
16000001,4400 MASSACHUSETTS AV NW,AMERICAN UNIVERSITY,3,2011,American University Main Campus,4400 Massachusetts Ave NW,20016,Office,1896,"1,846,932",116.8,258,0,21079.81,31877731,1070169
16012423,4201 CATHEDRAL AVE NW,THE TOWERS CONDO,3,2011,The Towers Condominium,4201 Cathedral Avenue NW,20016,Multifamily Housing,1958,"987,343",56,106.9,0,4556.27,5350630,370491
16012461,4100 MASSACHUSETTS AVENUE NW,CondoMain 2461,3,2011,4100 Massachusetts Avenue NW,4100 Massachusetts Avenue NW,20016,Multifamily Housing,1900,"298,345",0,,0,0,,
16610813,5335 WISCONSIN AV NW,CLPF-CC PAVILION LP,3,2011,16610813_Chevy Chase Pavilion,"5335 Wisconsin Avenue, NW",22015,Office,1990,"304,549",31.3,100.3,100,1424.95,2793162,
17092430,4000 TUNLAW RD NW,4000 TUNLAW RD CONDO,3,2011,4000 Tunlaw Condo,"4000 Tunlaw Rd, NW",20007,Multifamily Housing,1960,"227,228",75.8,140.6,0,1447.9,1762210.6,112116.5
17170804,4201 MASSACHUSETTS AV,BERKSHIRE APARTMENTS LLC,3,2011,The Berkshire,4201 Massachusetts Ave NW,20016,Multifamily Housing,1952,"706,306",58.2,108.3,0,3356.5,4679972,251428.796
17860821,4200 WISCONSIN AV NW,AMERICAN UNIVERSITY,3,2011,4200 Wisconsin Ave,"4200 Wisconsin Ave, NW",20016,Office,1975,"212,290",116.8,366.1,31,0,4928397.7,
18020024,4000 MASSACHUSETTS AV NW,EDWARD H KAPLAN,3,2011,4000 Mass,4000 Massachusetts Avenue,20016,Multifamily Housing,1961,"569,467",0,,0,0,,
18050802,3900 WATSON PL NW,3900 WATSON PLACE NW INC,3,2011,3900 Watson Place,"3900 Watson Place, NW",20016,Multifamily Housing,1960,"262,800",0,,0,0,,
18051068,2801 NEW MEXICO AVE,THE COLONNADE CONDOMINIUM,3,2011,The Colonnade Condominium,"2801 N Mexico Ave, NW",20007,Multifamily Housing,1964,"425,000",0,,0,0,,
18230009,4000 WISCONSIN AV NW,JAN K EVANS KING TRUSTEE,3,2011,4000 Wisconsin Avenue,"4000 Wisconsin Avenue, NW",20016,Office,1987,"481,193",146.4,489,45,9975.49,20645991.9,
18690825,5415 CONNECTICUT AV NW,WRIT KENMORE LLC,3,2011,The Kenmore,"5415 Connecticut Ave, NW",200152765,Multifamily Housing,1948,"264,366",96.9,180.1,0,2168.37,2668846.6,165200.3
19290014,3700 MASSACHUSETTS AV NW,SMITH PROPERTY HOLDINGS ALBAN TOWERS LLC,3,2011,Alban Towers,3700 Massachusetts Av NW,20016,Multifamily Housing,1934,"345,169",59.2,120.3,0,1879.7,2627882.2,114658.7
19773012,4600 CONNECTICUT AVE NW,4600 CONNECTICUT AVE CONDO,3,2011,4600 Connecticut Avenue Condominium,4600 Connecticut Avenue NW,20008,Multifamily Housing,1957,"299,840",21.7,66.6,0,921.2,1905300,117.2
19810012,4817 - 4831 36TH ST NW,DAVENPORT HOUSE ASSOCIATES LTP,3,2011,Archstone Connecticut Heights,4850 Connecticut Av NW,20008,Multifamily Housing,1974,"250,128",0,,0,0,,
20350004,4849 CONNECTICUT AV NW,"TMG ELLICOTT, LP",3,2011,Ellicott House,4849 Connecticut Ave NW,20008,Multifamily Housing,1972,"206,304",139.6,261.9,0,2333.56,2658240.4,197215.3
20390001,4545 CONNECTICUT AV NW,BRANDYWINE APARTMENTS OF MARYLAND LLC,3,2011,The Brandywine Apartments,"4545 Connecticut Ave, NW",20008,Multifamily Housing,1954,"347,040",69.1,130.6,0,2056.54,2589764.5,151362.6
20390804,4501 CONNECTICUT AV NW,SMITH PROPERTY HOLDINGS FIVE LP,3,2011,4501 Connecticut Avenue,4501 Connecticut Avenue,20008,Multifamily Housing,1900,"273,393",67.2,122.9,0,1532.1,1836629,121184
20490804,3101 VEAZEY TR NW,V N N C INC,3,2011,V.N.N.C.Inc.,"3001 Veazey Terrace, NW",20008,Multifamily Housing,1966,"698,441",64.5,125,0,2694.8,3964421,185002.002
20490806,3003 VAN NESS ST NW,SMITH PROPERTY HOLDINGS 4411 CONNECTICUTT LLC,3,2011,Van Ness,3003 Van Ness St NW,20008,Multifamily Housing,1970,"912,615",47.2,92.6,0,3829.47,5095375.1,257056.7
20490810,2900 VAN NESS ST NW,HOWARD UNIVERSITY,3,2011,Law School,2900 Van Ness Street,20008,College/University,1964,"289,942",79.2,254.7,22,3251.98,6730524.6,
20491080,2939 VAN NESS ST NW,VAN NESS EAST CONDOMINIUM,3,2011,Van Ness East Condominium,"2939 Van Ness Street, NW",20008,Multifamily Housing,1965,"391,000",63.4,116.4,0,2182.73,2862711.2,150292.1
21320026,2401 CALVERT ST NW,CALVERT HOUSE ASSOCIATES LLC,3,2011,The Calvert House,2401 Calvert Ave.,20008,Multifamily Housing,1964,"240,528",71.4,135.6,0,1476.43,1864185.3,108217.7
21320029,2800 WOODLEY RD NW,ALONZO O BLISS PROPERTY,3,2011,2800 Woodley Rd 2010,2800 Woodley Rd NW,20008,Multifamily Housing,1942,"240,516",67.7,120.8,0,1377.48,1693140,105152
21320827,2725 29TH ST NW,SMITH PROPERTY HOLDINGS 4411 CONNECTICUTT LLC,3,2011,Cleveland House,2727 29th st NW,20008,Multifamily Housing,1953,"315,129",52.8,102.7,0,1395.02,1690036.1,108730.5
21320850,2600 Woodly Road,Marriot Wardman Park,3,2011,337w0-Washington DC Marriott Wardm,2660 Woodley Rd Nw,20008,Hotel,1978,"1,600,000",107.1,222.8,23,16149.61,23313740,918259
21380812,2500 CALVERT ST NW,OMNI SHOREHAM CORPORATION,3,2011,Omni Shoreham Hotel,2500 Calvert St NW,20008,Hotel,1930,"953,000",94.6,213.9,44,9249.18,14753900,398429
22050839,2601 WOODLEY PL NW,SMITH PROPERTY HOLDINGS 4411 CONNECTICUTT LLC,3,2011,Calvert Woodley,2601 Woodley PL NW,20008,Multifamily Housing,1954,"206,688",56.3,104.1,0,986.94,1217946.2,74899.6
22250842,2501 PORTER ST NW,SMITH PROPERTY HOLDINGS 4411 CONNECTICUTT LLC,3,2011,2501 Porter,2501 Porter St NW,20008,Multifamily Housing,1988,"309,058",26.7,60,0,794.77,1182008.6,42041.3
22250844,2800 QUEBEC ST NW,AMERICAN SECURITY & TRUST COMPANY,3,2011,Quebec House South,"2800 Quebec Street, NW",20008,Multifamily Housing,1949,"353,727",66.1,130.6,0,2125.77,2921654.8,134233
22260800,3601 CONNECTICUT AV NW,BROADMOOR COOPERATIVE,3,2011,The Broadmoor Cooperative Apartments,3601 Connecticut Avenue NW,200081928,Multifamily Housing,1928,"308,969",33.7,44.4,0,591.6,298597.9,87168.235
22430066,2950 VAN NESS ST NW,SMITH PROPERTY HOLDINGS KENMORE LP,3,2011,2950 Van Ness Street NW,2950 Van Ness Street NW,20008,Multifamily Housing,1900,"222,415",12.3,42.4,0,385.16,794522,240
25350041,1919 CONNECTICUT AV,CJUF II DESTINATION HOTEL LLC,1,2011,Washington Hilton,1919 Connecticut Ave,20009,Hotel,1965,"973,414",128.6,269.9,23,11897.45,17334188,654613.5
25350830,1875 CONNECTICUT AV NW,UNIVERSAL BUILDING NORTH INC,1,2011,1875 Connecticut,1875 Connecticut,20037,Office,1961,"548,132",68.8,171,83,3014.6,5868350,90261.581
25350831,1825 CONNECTICUT AV NW,UNIVERSAL BUILDING INC,1,2011,1825 Connecticut Avenue,1825 Connecticut Av,20009,Office,1957,"449,816",98.1,221.1,65,3183.4,5630937,141398.32
25411133,2031 BELMONT RD NW,VALLEY VISTA CONDOMINIUM,1,2011,The Valley Vista Condominium,2032 Belmont Rd NW,20009,Multifamily Housing,1928,"248,899",29.9,40.5,0,442.13,151189.2,69376
25710104,2400 16TH ST NW,ENVOY ASSOCIATES LTD PTSP,1,2011,The Envoy,2400 16th Street NW,20009,Multifamily Housing,1918,"276,092",20,46.4,0,549.37,846564.9,26379.7
25720815,2480 16TH ST,DORCHESTER HOUSE ASSOCIATES LLC,1,2011,Dorchester House Apartments,2480 16th Street,20009,Multifamily Housing,1941,"439,502",53.9,80.2,0,1599.39,1125023.9,198461.3
25900801,1601 ARGONNE PL NW,COLUMBIA REALTY VENTURE LLC,1,2011,Chalfonte,1601 Argonne Pl NW,20009,Multifamily Housing,1926,"202,589",73.8,109.4,0,1095.93,997255.1,115430.6
26330829,3900 16TH ST NW,CRESTWOOD APARTMENTS ASC,4,2011,Crestwood Apartments,3900 16th Street NW,20011,Multifamily Housing,1955,"263,260",48.8,85.5,0,974.56,964869.6,95557.1
26880043,3500 14TH ST NW,CAVALIER APARTMENTS LP,3,2011,Cavalier Apartments,3500 14th Street NW,20010,Multifamily Housing,1926,"252,792",27.1,56.9,0,623.32,858396,39204
28731101,2251 SHERMAN AV,HOWARD UNIVERSITY,3,2011,Howard Tower Plaza,2251 Sherman Avenue,20059,College/University,1989,"573,687",40,128.7,78,3251.98,6730533.6,
31290801,0111 MICHIGAN AV,WASHINGTON HOSPITAL CENTER,5,2011,Children's National Medical Center,"111 Michigan Ave, N.W.",20010,Office,1970,"1,957,377",187.1,441.8,58,41708.23,59842537.8,
35820802,1501 ECKINGTON PL NE,FEDERAL EXPRESS CORPORATION,5,2011,DCAA,1501 Eckington Place,20002,Office,1990,"210,000",79.4,173.8,50,1534.51,2146320,93510
36300808,0611 EDGEWOOD ST NE,EDGEWOOD IV LP,5,2011,Edgewood IV,"611 Edgewood Street, NE",20017,Multifamily Housing,1973,"383,900",42.5,81.8,0,1420.55,1832766,100566
38210040,0400 MICHIGAN AV NE,NATIONAL SHRINE OF THE IMMACULATE CONCEPTION,5,2011,Basilica of the National Shrine of the Immaculate Conception,400 Michigan Avenue  N.E.,200171566,Office,1959,"226,301",96.5,218.6,2,2105.7,3772892,89595
43590834,2800 V ST NE,2800 V STREET LIMITED PARTNERSHIP,5,2011,2800 V ST NE,2800 V ST NE,20018,Office,1950,"242,810",0,,0,0,,
44930001,1501 MARYLAND AV NE,MARYLAND CROSSING REALTY LLC,5,2011,Hechinger Mall,1601 Maryland Ave,20002,Office,1979,"207,990",83.8,,0,2023.7,4378425,24824.8
57250803,2700 - 2722 SHIPLEY TR SE,ROCKBURNE ESTATES LP,8,2011,Rockburne Estates,2700 - 2722 Shipley Terrace,20020,Multifamily Housing,1964,"247,632",16.1,,0,211,,39750.53
58690068,2607 BOWEN RD,OXFORD MANOR LP,8,2011,Oxford Manor Apartments,"2607 Bowen Road, SE",20020,Multifamily Housing,1977,"291,302",50,101.5,0,1326.87,1828450,83350
62190032,4301 3RD ST,ATLANTIC TERRACE LTD,8,2011,Atlantic Terrace Ltd.,"4301 3rd St., SE",20032,Multifamily Housing,1964,"200,839",4.2,11.6,0,100.05,183084,2178.8
"00160093, 00160863",0950 25TH ST NW,CLARIDGE H COOPERTVE,2,2011,950 25th Street Northwest,950 25th Street Northwest,20037,Multifamily Housing,1960,"373,216",0,,0,0,,
"00750861, 00750863",2100 PENNSYLVANIA AV NW,GEORGE WASHINGTON UNIVERSITY,2,2011,2100 Pennsylvania Avenue,2100 Pennsylvania Avenue,20037,Office,1966,"482,250",105.3,283.1,69,3742.6,7736037,75370.006
"01220824, 01220825",0514 19TH ST NW,GEORGE WASHINGTON UNIVERSITY,2,2011,Thurston & Mitchell Halls,"519 19th St & 1900 F St, NW",20052,College/University,1929,"317,213",64.3,142,78,1933.58,2811468.3,107877.1
"01830883, 01830884",1145 17TH ST,NATIONAL GEOGRAPHIC SOCIETY,2,2011,NGS Headquarters,"1145 17th St, NW and 1600 M Street, NW",20036,Office,1964,"899,535",91.6,235.6,70,7276.4,14535510,187623.522
"02860818, 02860819",1201 NEW YORK AV NW,1201-1225 NEW YORK AVE SPE LLC,2,2011,1201& 1225  New York Ave.,"1201 New York Avenue, NW",20005,Office,1988,"609,475",51.9,162.7,87,0,7740073,
"03870869, 03877000, 04357000",0420 10TH ST SW,POTOMAC CREEK ASSOCIATES LP,6,2011,L Enfant Plaza - EAST,"470/480/490 L'Enfant Plaza, SW",20024,Office,1905,"836,504",97,251.1,67,9184.24,16130517,261369
"04080836, 04080837",0701 PENNSYLVANIA AV NW,WELLS REIT II MARKET SQUARE EAST & WEST LLC,2,2011,04080837_Market Square,701 & 801 Pennsylvania Ave NW,20004,Office,1990,"704,156",71.2,237.7,74,7095.48,14685316,
"04557001, 04550842",0616 H ST,GALLERY PLACE LAND TRUST,2,2011,Gallery Place,616 H. Street,20001,Office,2004,"590,054",129.9,388.7,56,9887.5,19264200.3,108955.4
0516S0861,455 MASSACHUSETTS AV,SQUARE 516S OFFICE VENTURE LLC,6,2011,455 Mass. Avenue,455 Massachusetts Ave.,20001,Office,2008,"259,723",58.5,187.7,91,2151.16,4452197.1,
0516S0861,455 MASSACHUSETTS AV,SQUARE 516S OFFICE VENTURE LLC,6,2011,455 Mass Ave,455 Massachusetts Ave NW,20001,Office,2008,"247,330",61.4,198.4,85,2151.16,4452197.1,
"0516S0862, 0516S0036",425 MASSACHUSETTS AV,EQR-425 MASSACHUSETTS LLC,6,2011,425 Mass,425 Massachusetts Ave NW,20001,Multifamily Housing,2009,"604,591",50.6,117,0,3029.64,4648427.4,147306
"05400109, 05400118",0201 I ST SW,CAPITAL PARK APARTMENTS LTD PRTNSHP,6,2011,Capital Park Plaza,201 I St SW,20024,Multifamily Housing,1965,"546,234",95.6,191.6,0,4705.95,6390800,304156
,2500 Q ST NW,GATEWAY GEORGETOWN CONDO,2,2011,Gateway Georgetown,2500 Q St NW,20007,Multifamily Housing,1941,"244,000",82.6,147.3,0,1649.96,1914925.8,136227
"17981066, 18221066, 18231066",0191 39TH ST NW,MCLEAN GARDENS,3,2011,McLean Gardens,0191 39th St NW,20016,Multifamily Housing,1980,"955,548",19.3,45,0,1898.76,3040640,80755
"26240831, 26240832",3640 16TH ST NW,ROCK CREEK PLAZA WOODNER,1,2011,The Woodner Apartments,"3636 16th Street, N.W.",20010,Multifamily Housing,1952,"933,469",66,123.4,0,5202.09,6378838.1,398502.6
"30570092, 30600041, 30600839, 30630801, 30640837, 30720052, 30750807, 30800073",2440 6TH ST NW,HOWARD UNIVERSITY,1,2011,HU Sub Station,100 6TH AND TRUMBUL ST NW,20001,College/University,1964,"3,543,436",86.3,274.3,0,43301.63,89620139.9,
PAR01200034,125 MICHIGAN AV,TRINITY COLLEGE,5,2011,Alumnae and Main Hall,125 Michigan Ave. NE,20017,College/University,1910,"290,700",94.2,166.7,0,2097.36,2121424.5,201570.4
"PAR01290070, PAR01410069",800 FLORIDA AV,GALLAUDET UNIVERSITY,5,2011,Gallaudet University,800 Florida Avenue N.E.,20002,College/University,1864,"3,015,594",95.8,190.8,0,24987.7,38456260,1577341.033
PAR01330131,3211 4TH ST NE,UNITED STATES CONFERENCE OF CATHOLIC BISHOPS,5,2011,The Catholic University of America,620 Michigan Avenue NE,20064,College/University,1889,"2,152,094",148,266.4,0,27988.7,30767000,1189829.017
4310013,425 8TH STREET NW,COMMERCIAL CONDOS13,2,2011,The Lansburgh,425 8th Street NW,20004,Multifamily Housing,1991,"645,481",68.6,176.1,0,3705.7,7401859,95627.11