State,County,NOAA Climate Division (Number),NOAA Climate Division (Name),CBECS Climate Zone
AL,AUTAUGA,3,UPPER PLAINS,4
AL,BALDWIN,8,GULF,5
AL,BARBOUR,7,COASTAL PLAIN,5
AL,BIBB,3,UPPER PLAINS,4
AL,BLOUNT,2,APPALACHIAN MOUNTAIN,4
AL,BULLOCK,6,PRAIRIE,5
AL,BUTLER,7,COASTAL PLAIN,5
AL,CALHOUN,4,EASTERN VALLEY,4
AL,CHAMBERS,5,PIEDMONT PLATEAU,4
AL,CHEROKEE,4,EASTERN VALLEY,4
AL,CHILTON,3,UPPER PLAINS,4
AL,CHOCTAW,7,COASTAL PLAIN,5
AL,CLARKE,7,COASTAL PLAIN,5
AL,CLAY,5,PIEDMONT PLATEAU,4
AL,CLEBURNE,5,PIEDMONT PLATEAU,4
AL,COFFEE,7,COASTAL PLAIN,5
AL,COLBERT,1,NORTHERN VALLEY,4
AL,CONECUH,7,COASTAL PLAIN,5
AL,COOSA,5,PIEDMONT PLATEAU,4
AL,COVINGTON,7,COASTAL PLAIN,5
AL,CRENSHAW,7,COASTAL PLAIN,5
AL,CULLMAN,2,APPALACHIAN MOUNTAIN,4
AL,DALE,7,COASTAL PLAIN,5
AL,DALLAS,6,PRAIRIE,5
AL,DE KALB,2,APPALACHIAN MOUNTAIN,4
AL,ELMORE,5,PIEDMONT PLATEAU,4
AL,ESCAMBIA,7,COASTAL PLAIN,5
AL,ETOWAH,4,EASTERN VALLEY,4
AL,FAYETTE,3,UPPER PLAINS,4
AL,FRANKLIN,1,NORTHERN VALLEY,4
AL,GENEVA,7,COASTAL PLAIN,5
AL,GREENE,6,PRAIRIE,5
AL,HALE,6,PRAIRIE,5
AL,HENRY,7,COASTAL PLAIN,5
AL,HOUSTON,7,COASTAL PLAIN,5
AL,JACKSON,2,APPALACHIAN MOUNTAIN,4
AL,JEFFERSON,2,APPALACHIAN MOUNTAIN,4
AL,LAMAR,3,UPPER PLAINS,4
AL,LAUDERDALE,1,NORTHERN VALLEY,4
AL,LAWRENCE,1,NORTHERN VALLEY,4
AL,LEE,5,PIEDMONT PLATEAU,4
AL,LIMESTONE,1,NORTHERN VALLEY,4
AL,LOWNDES,6,PRAIRIE,5
AL,MACON,6,PRAIRIE,5
AL,MADISON,1,NORTHERN VALLEY,4
AL,MARENGO,6,PRAIRIE,5
AL,MARION,3,UPPER PLAINS,4
AL,MARSHALL,2,APPALACHIAN MOUNTAIN,4
AL,MOBILE,8,GULF,5
AL,MONROE,7,COASTAL PLAIN,5
AL,MONTGOMERY,6,PRAIRIE,5
AL,MORGAN,1,NORTHERN VALLEY,4
AL,PERRY,6,PRAIRIE,5
AL,PICKENS,3,UPPER PLAINS,4
AL,PIKE,7,COASTAL PLAIN,5
AL,RANDOLPH,5,PIEDMONT PLATEAU,4
AL,RUSSELL,7,COASTAL PLAIN,5
AL,SHELBY,4,EASTERN VALLEY,4
AL,ST CLAIR,4,EASTERN VALLEY,4
AL,SUMTER,6,PRAIRIE,5
AL,TALLADEGA,4,EASTERN VALLEY,4
AL,TALLAPOOSA,5,PIEDMONT PLATEAU,4
AL,TUSCALOOSA,3,UPPER PLAINS,4
AL,WALKER,3,UPPER PLAINS,4
AL,WASHINGTON,7,COASTAL PLAIN,5
AL,WILCOX,7,COASTAL PLAIN,5
AL,WINSTON,3,UPPER PLAINS,4
AR,ARKANSAS,6,EAST CENTRAL,4
AR,ASHLEY,9,SOUTHEAST,5
AR,BAXTER,2,NORTH CENTRAL,3
AR,BENTON,1,NORTHWEST,3
AR,BOONE,1,NORTHWEST,3
AR,BRADLEY,8,SOUTH CENTRAL,4
AR,CALHOUN,8,SOUTH CENTRAL,4
AR,CARROLL,1,NORTHWEST,3
AR,CHICOT,9,SOUTHEAST,5
AR,CLARK,8,SOUTH CENTRAL,4
AR,CLAY,3,NORTHEAST,4
AR,CLEBURNE,2,NORTH CENTRAL,3
AR,CLEVELAND,8,SOUTH CENTRAL,4
AR,COLUMBIA,8,SOUTH CENTRAL,4
AR,CONWAY,5,CENTRAL,4
AR,CRAIGHEAD,3,NORTHEAST,4
AR,CRAWFORD,4,WEST CENTRAL,4
AR,CRITTENDEN,6,EAST CENTRAL,4
AR,CROSS,6,EAST CENTRAL,4
AR,DALLAS,8,SOUTH CENTRAL,4
AR,DESHA,9,SOUTHEAST,5
AR,DREW,9,SOUTHEAST,5
AR,FAULKNER,5,CENTRAL,4
AR,FRANKLIN,4,WEST CENTRAL,4
AR,FULTON,2,NORTH CENTRAL,3
AR,GARLAND,5,CENTRAL,4
AR,GRANT,5,CENTRAL,4
AR,GREENE,3,NORTHEAST,4
AR,HEMPSTEAD,7,SOUTHWEST,4
AR,HOT SPRING,5,CENTRAL,4
AR,HOWARD,7,SOUTHWEST,4
AR,INDEPENDENCE,3,NORTHEAST,4
AR,IZARD,2,NORTH CENTRAL,3
AR,JACKSON,3,NORTHEAST,4
AR,JEFFERSON,9,SOUTHEAST,5
AR,JOHNSON,4,WEST CENTRAL,4
AR,LAFAYETTE,7,SOUTHWEST,4
AR,LAWRENCE,3,NORTHEAST,4
AR,LEE,6,EAST CENTRAL,4
AR,LINCOLN,9,SOUTHEAST,5
AR,LITTLE RIVER,7,SOUTHWEST,4
AR,LOGAN,4,WEST CENTRAL,4
AR,LONOKE,6,EAST CENTRAL,4
AR,MADISON,1,NORTHWEST,3
AR,MARION,2,NORTH CENTRAL,3
AR,MILLER,7,SOUTHWEST,4
AR,MISSISSIPPI,3,NORTHEAST,4
AR,MONROE,6,EAST CENTRAL,4
AR,MONTGOMERY,7,SOUTHWEST,4
AR,NEVADA,8,SOUTH CENTRAL,4
AR,NEWTON,1,NORTHWEST,3
AR,OUACHITA,8,SOUTH CENTRAL,4
AR,PERRY,5,CENTRAL,4
AR,PHILLIPS,6,EAST CENTRAL,4
AR,PIKE,7,SOUTHWEST,4
AR,POINSETT,3,NORTHEAST,4
AR,POLK,4,WEST CENTRAL,4
AR,POPE,4,WEST CENTRAL,4
AR,PRAIRIE,6,EAST CENTRAL,4
AR,PULASKI,5,CENTRAL,4
AR,RANDOLPH,3,NORTHEAST,4
AR,SALINE,5,CENTRAL,4
AR,SCOTT,4,WEST CENTRAL,4
AR,SEARCY,2,NORTH CENTRAL,3
AR,SEBASTIAN,4,WEST CENTRAL,4
AR,SEVIER,7,SOUTHWEST,4
AR,SHARP,2,NORTH CENTRAL,3
AR,ST FRANCIS,6,EAST CENTRAL,4
AR,STONE,2,NORTH CENTRAL,3
AR,UNION,8,SOUTH CENTRAL,4
AR,VAN BUREN,2,NORTH CENTRAL,3
AR,WASHINGTON,1,NORTHWEST,3
AR,WHITE,3,NORTHEAST,4
AR,WOODRUFF,6,EAST CENTRAL,4
AR,YELL,4,WEST CENTRAL,4
AZ,APACHE,2,NORTHEAST,2
AZ,COCHISE,7,SOUTHEAST,4
AZ,COCONINO,2,NORTHEAST,2
AZ,COCONINO,3,NORTH CENTRAL,4
AZ,GILA,2,NORTHEAST,2
AZ,GILA,4,EAST CENTRAL,4
AZ,GRAHAM,7,SOUTHEAST,4
AZ,GREENLEE,7,SOUTHEAST,4
AZ,MARICOPA,6,SOUTH CENTRAL,5
AZ,MOHAVE,1,NORTHWEST,5
AZ,NAVAJO,2,NORTHEAST,2
AZ,PIMA,7,SOUTHEAST,4
AZ,PINAL,6,SOUTH CENTRAL,5
AZ,SANTA CRUZ,7,SOUTHEAST,4
AZ,YAVAPAI,3,NORTH CENTRAL,4
AZ,YUMA,5,SOUTHWEST,5
CA,ALAMEDA,4,CENTRAL COAST DB,4
CA,ALAMEDA,5,SAN JOAQUIN DB,4
CA,ALPINE,2,SACRAMENTO DB,3
CA,ALPINE,3,NORTHEAST INTERIOR BASINS,1
CA,ALPINE,5,SAN JOAQUIN DB,4
CA,AMADOR,5,SAN JOAQUIN DB,4
CA,BUTTE,2,SACRAMENTO DB,3
CA,CALAVERAS,5,SAN JOAQUIN DB,4
CA,COLUSA,2,SACRAMENTO DB,3
CA,CONTRA COSTA,4,CENTRAL COAST DB,4
CA,CONTRA COSTA,5,SAN JOAQUIN DB,4
CA,DEL NORTE,1,NORTH COAST DB,4
CA,EL DORADO,2,SACRAMENTO DB,3
CA,EL DORADO,3,NORTHEAST INTERIOR BASINS,1
CA,EL DORADO,5,SAN JOAQUIN DB,4
CA,FRESNO,5,SAN JOAQUIN DB,4
CA,GLENN,1,NORTH COAST DB,4
CA,GLENN,2,SACRAMENTO DB,3
CA,HUMBOLDT,1,NORTH COAST DB,4
CA,IMPERIAL,7,SOUTHEAST DESERT BASINS,5
CA,INYO,7,SOUTHEAST DESERT BASINS,5
CA,KERN,5,SAN JOAQUIN DB,4
CA,KERN,7,SOUTHEAST DESERT BASINS,5
CA,KINGS,5,SAN JOAQUIN DB,4
CA,LAKE,1,NORTH COAST DB,4
CA,LAKE,2,SACRAMENTO DB,3
CA,LASSEN,2,SACRAMENTO DB,3
CA,LASSEN,3,NORTHEAST INTERIOR BASINS,1
CA,LOS ANGELES,6,SOUTH COAST DB,4
CA,LOS ANGELES,7,SOUTHEAST DESERT BASINS,5
CA,MADERA,5,SAN JOAQUIN DB,4
CA,MARIN,1,NORTH COAST DB,4
CA,MARIPOSA,5,SAN JOAQUIN DB,4
CA,MENDOCINO,1,NORTH COAST DB,4
CA,MERCED,5,SAN JOAQUIN DB,4
CA,MODOC,1,NORTH COAST DB,4
CA,MODOC,2,SACRAMENTO DB,3
CA,MODOC,3,NORTHEAST INTERIOR BASINS,1
CA,MONO,3,NORTHEAST INTERIOR BASINS,1
CA,MONO,7,SOUTHEAST DESERT BASINS,5
CA,MONTEREY,4,CENTRAL COAST DB,4
CA,NAPA,1,NORTH COAST DB,4
CA,NAPA,2,SACRAMENTO DB,3
CA,NEVADA,2,SACRAMENTO DB,3
CA,NEVADA,3,NORTHEAST INTERIOR BASINS,1
CA,ORANGE,6,SOUTH COAST DB,4
CA,PLACER,2,SACRAMENTO DB,3
CA,PLACER,3,NORTHEAST INTERIOR BASINS,1
CA,PLACER,5,SAN JOAQUIN DB,4
CA,PLUMAS,2,SACRAMENTO DB,3
CA,RIVERSIDE,6,SOUTH COAST DB,4
CA,RIVERSIDE,7,SOUTHEAST DESERT BASINS,5
CA,SACRAMENTO,2,SACRAMENTO DB,3
CA,SACRAMENTO,5,SAN JOAQUIN DB,4
CA,SAN BENITO,4,CENTRAL COAST DB,4
CA,SAN BENITO,5,SAN JOAQUIN DB,4
CA,SAN BERNARDINO,1,NORTH COAST DB,4
CA,SAN BERNARDINO,6,SOUTH COAST DB,4
CA,SAN BERNARDINO,7,SOUTHEAST DESERT BASINS,5
CA,SAN DIEGO,6,SOUTH COAST DB,4
CA,SAN DIEGO,7,SOUTHEAST DESERT BASINS,5
CA,SAN FRANCISCO,4,CENTRAL COAST DB,4
CA,SAN JOAQUIN,5,SAN JOAQUIN DB,4
CA,SAN LUIS OBI,4,CENTRAL COAST DB,4
CA,SAN MATEO,4,CENTRAL COAST DB,4
CA,SANTA BARBARA,6,SOUTH COAST DB,4
CA,SANTA CLARA,4,CENTRAL COAST DB,4
CA,SANTA CRUZ,4,CENTRAL COAST DB,4
CA,SHASTA,2,SACRAMENTO DB,3
CA,SIERRA,2,SACRAMENTO DB,3
CA,SIERRA,3,NORTHEAST INTERIOR BASINS,1
CA,SISKIYOU,1,NORTH COAST DB,4
CA,SISKIYOU,2,SACRAMENTO DB,3
CA,SOLANO,1,NORTH COAST DB,4
CA,SOLANO,2,SACRAMENTO DB,3
CA,SONOMA,1,NORTH COAST DB,4
CA,STANISLAUS,5,SAN JOAQUIN DB,4
CA,SUTTER,2,SACRAMENTO DB,3
CA,TEHAMA,2,SACRAMENTO DB,3
CA,TRINITY,1,NORTH COAST DB,4
CA,TULARE,5,SAN JOAQUIN DB,4
CA,TUOLUMNE,5,SAN JOAQUIN DB,4
CA,VENTURA,5,SAN JOAQUIN DB,4
CA,VENTURA,6,SOUTH COAST DB,4
CA,YOLO,2,SACRAMENTO DB,3
CA,YUBA,2,SACRAMENTO DB,3
CO,ADAMS,4,PLATTE DB,1
CO,ALAMOSA,5,RIO GRANDE DB,1
CO,ARAPAHOE,4,PLATTE DB,1
CO,ARCHULETA,2,COLORADO DB,1
CO,BACA,1,ARKANSAS DB,2
CO,BENT,1,ARKANSAS DB,2
CO,BOULDER,4,PLATTE DB,1
CO,CHAFFEE,1,ARKANSAS DB,2
CO,CHEYENNE,1,ARKANSAS DB,2
CO,CHEYENNE,3,KANSAS DB,2
CO,CLEAR CREEK,4,PLATTE DB,1
CO,CONEJOS,5,RIO GRANDE DB,1
CO,COSTILLA,5,RIO GRANDE DB,1
CO,CROWLEY,1,ARKANSAS DB,2
CO,CUSTER,1,ARKANSAS DB,2
CO,DELTA,2,COLORADO DB,1
CO,DENVER,4,PLATTE DB,1
CO,DOLORES,2,COLORADO DB,1
CO,DOUGLAS,4,PLATTE DB,1
CO,EAGLE,2,COLORADO DB,1
CO,EL PASO,1,ARKANSAS DB,2
CO,EL PASO,4,PLATTE DB,1
CO,ELBERT,1,ARKANSAS DB,2
CO,ELBERT,4,PLATTE DB,1
CO,FREMONT,1,ARKANSAS DB,2
CO,GARFIELD,2,COLORADO DB,1
CO,GILPIN,4,PLATTE DB,1
CO,GRAND,2,COLORADO DB,1
CO,GRAND,4,PLATTE DB,1
CO,GUNNISON,2,COLORADO DB,1
CO,HINSDALE,2,COLORADO DB,1
CO,HINSDALE,5,RIO GRANDE DB,1
CO,HUERFANO,1,ARKANSAS DB,2
CO,JACKSON,4,PLATTE DB,1
CO,JEFFERSON,4,PLATTE DB,1
CO,KIOWA,1,ARKANSAS DB,2
CO,KIT CARSON,3,KANSAS DB,2
CO,LA PLATA,2,COLORADO DB,1
CO,LAKE,1,ARKANSAS DB,2
CO,LARIMER,4,PLATTE DB,1
CO,LAS ANIMAS,1,ARKANSAS DB,2
CO,LINCOLN,1,ARKANSAS DB,2
CO,LINCOLN,3,KANSAS DB,2
CO,LOGAN,3,KANSAS DB,2
CO,LOGAN,4,PLATTE DB,1
CO,MESA,2,COLORADO DB,1
CO,MINERAL,2,COLORADO DB,1
CO,MINERAL,5,RIO GRANDE DB,1
CO,MOFFAT,2,COLORADO DB,1
CO,MONTEZUMA,2,COLORADO DB,1
CO,MONTROSE,2,COLORADO DB,1
CO,MORGAN,4,PLATTE DB,1
CO,OTERO,1,ARKANSAS DB,2
CO,OURAY,2,COLORADO DB,1
CO,PARK,4,PLATTE DB,1
CO,PHILLIPS,3,KANSAS DB,2
CO,PITKIN,2,COLORADO DB,1
CO,PROWERS,1,ARKANSAS DB,2
CO,PUEBLO,1,ARKANSAS DB,2
CO,RIO BLANCO,2,COLORADO DB,1
CO,RIO GRANDE,5,RIO GRANDE DB,1
CO,ROUTT,2,COLORADO DB,1
CO,SAGUACHE,2,COLORADO DB,1
CO,SAGUACHE,5,RIO GRANDE DB,1
CO,SAN JUAN,2,COLORADO DB,1
CO,SAN MIGUEL,2,COLORADO DB,1
CO,SEDGWICK,4,PLATTE DB,1
CO,SUMMIT,2,COLORADO DB,1
CO,TELLER,1,ARKANSAS DB,2
CO,TELLER,4,PLATTE DB,1
CO,WASHINGTON,3,KANSAS DB,2
CO,WASHINGTON,4,PLATTE DB,1
CO,WELD,4,PLATTE DB,1
CO,YUMA,3,KANSAS DB,2
CT,FAIRFIELD,2,CENTRAL,2
CT,FAIRFIELD,3,COASTAL,2
CT,HARTFORD,1,NORTHWEST,2
CT,HARTFORD,2,CENTRAL,2
CT,LITCHFIELD,1,NORTHWEST,2
CT,LITCHFIELD,2,CENTRAL,2
CT,MIDDLESEX,2,CENTRAL,2
CT,MIDDLESEX,3,COASTAL,2
CT,NEW HAVEN,2,CENTRAL,2
CT,NEW HAVEN,3,COASTAL,2
CT,NEW LONDON,2,CENTRAL,2
CT,NEW LONDON,3,COASTAL,2
CT,TOLLAND,2,CENTRAL,2
CT,WINDHAM,2,CENTRAL,2
DE,KENT,2,SOUTHERN,3
DE,NEW CASTLE,1,NORTHERN,3
DE,SUSSEX,2,SOUTHERN,3
FL,ALACHUA,2,NORTH,5
FL,BAKER,2,NORTH,5
FL,BAY,1,NORTHWEST,5
FL,BRADFORD,2,NORTH,5
FL,BREVARD,3,NORTH CENTRAL,5
FL,BREVARD,4,SOUTH CENTRAL,5
FL,BROWARD,5,EVERGLADES & SW COAST,5
FL,BROWARD,6,LOWER EAST COAST,5
FL,CALHOUN,1,NORTHWEST,5
FL,CHARLOTTE,5,EVERGLADES & SW COAST,5
FL,CITRUS,2,NORTH,5
FL,CITRUS,3,NORTH CENTRAL,5
FL,CLAY,2,NORTH,5
FL,COLLIER,5,EVERGLADES & SW COAST,5
FL,COLUMBIA,2,NORTH,5
FL,DADE,5,EVERGLADES & SW COAST,5
FL,DADE,6,LOWER EAST COAST,5
FL,DE SOTO,4,SOUTH CENTRAL,5
FL,DIXIE,2,NORTH,5
FL,DUVAL,2,NORTH,5
FL,ESCAMBIA,1,NORTHWEST,5
FL,FLAGLER,2,NORTH,5
FL,FRANKLIN,1,NORTHWEST,5
FL,GADSDEN,1,NORTHWEST,5
FL,GILCHRIST,2,NORTH,5
FL,GLADES,5,EVERGLADES & SW COAST,5
FL,GULF,1,NORTHWEST,5
FL,HAMILTON,2,NORTH,5
FL,HARDEE,4,SOUTH CENTRAL,5
FL,HENDRY,5,EVERGLADES & SW COAST,5
FL,HERNANDO,3,NORTH CENTRAL,5
FL,HIGHLANDS,4,SOUTH CENTRAL,5
FL,HILLSBOROUGH,3,NORTH CENTRAL,5
FL,HILLSBOROUGH,4,SOUTH CENTRAL,5
FL,HOLMES,1,NORTHWEST,5
FL,INDIAN RIVER,4,SOUTH CENTRAL,5
FL,JACKSON,1,NORTHWEST,5
FL,JEFFERSON,1,NORTHWEST,5
FL,LAFAYETTE,2,NORTH,5
FL,LAKE,3,NORTH CENTRAL,5
FL,LEE,5,EVERGLADES & SW COAST,5
FL,LEON,1,NORTHWEST,5
FL,LEVY,2,NORTH,5
FL,LIBERTY,1,NORTHWEST,5
FL,MADISON,2,NORTH,5
FL,MANATEE,4,SOUTH CENTRAL,5
FL,MARION,3,NORTH CENTRAL,5
FL,MARTIN,5,EVERGLADES & SW COAST,5
FL,MARTIN,6,LOWER EAST COAST,5
FL,MONROE,5,EVERGLADES & SW COAST,5
FL,MONROE,7,KEYS,5
FL,NASSAU,2,NORTH,5
FL,OKALOOSA,1,NORTHWEST,5
FL,OKEECHOBEE,4,SOUTH CENTRAL,5
FL,ORANGE,3,NORTH CENTRAL,5
FL,OSCEOLA,4,SOUTH CENTRAL,5
FL,PALM BEACH,5,EVERGLADES & SW COAST,5
FL,PALM BEACH,6,LOWER EAST COAST,5
FL,PASCO,3,NORTH CENTRAL,5
FL,PINELLAS,4,SOUTH CENTRAL,5
FL,POLK,3,NORTH CENTRAL,5
FL,POLK,4,SOUTH CENTRAL,5
FL,PUTNAM,2,NORTH,5
FL,SANTA ROSA,1,NORTHWEST,5
FL,SARASOTA,4,SOUTH CENTRAL,5
FL,SEMINOLE,3,NORTH CENTRAL,5
FL,ST JOHNS,2,NORTH,5
FL,ST LUCIE,4,SOUTH CENTRAL,5
FL,SUMTER,3,NORTH CENTRAL,5
FL,SUWANNEE,2,NORTH,5
FL,TAYLOR,2,NORTH,5
FL,UNION,2,NORTH,5
FL,VOLUSIA,3,NORTH CENTRAL,5
FL,WAKULLA,1,NORTHWEST,5
FL,WALTON,1,NORTHWEST,5
FL,WASHINGTON,1,NORTHWEST,5
GA,APPLING,9,SOUTHEAST,5
GA,ATKINSON,8,SOUTH CENTRAL,5
GA,BACON,9,SOUTHEAST,5
GA,BAKER,7,SOUTHWEST,5
GA,BALDWIN,5,CENTRAL,4
GA,BANKS,3,NORTHEAST,4
GA,BARROW,2,NORTH CENTRAL,4
GA,BARTOW,1,NORTHWEST,4
GA,BEN HILL,8,SOUTH CENTRAL,5
GA,BERRIEN,8,SOUTH CENTRAL,5
GA,BIBB,5,CENTRAL,4
GA,BLECKLEY,5,CENTRAL,4
GA,BRANTLEY,9,SOUTHEAST,5
GA,BROOKS,8,SOUTH CENTRAL,5
GA,BRYAN,9,SOUTHEAST,5
GA,BULLOCH,6,EAST CENTRAL,5
GA,BURKE,6,EAST CENTRAL,5
GA,BUTTS,5,CENTRAL,4
GA,CALHOUN,7,SOUTHWEST,5
GA,CAMDEN,9,SOUTHEAST,5
GA,CANDLER,6,EAST CENTRAL,5
GA,CARROLL,4,WEST CENTRAL,4
GA,CATOOSA,1,NORTHWEST,4
GA,CHARLTON,9,SOUTHEAST,5
GA,CHATHAM,9,SOUTHEAST,5
GA,CHATTAHOOCHEE,4,WEST CENTRAL,4
GA,CHATTOOGA,1,NORTHWEST,4
GA,CHEROKEE,2,NORTH CENTRAL,4
GA,CLARKE,2,NORTH CENTRAL,4
GA,CLAY,7,SOUTHWEST,5
GA,CLAYTON,4,WEST CENTRAL,4
GA,CLINCH,8,SOUTH CENTRAL,5
GA,COBB,2,NORTH CENTRAL,4
GA,COFFEE,8,SOUTH CENTRAL,5
GA,COLQUITT,8,SOUTH CENTRAL,5
GA,COLUMBIA,6,EAST CENTRAL,5
GA,COOK,8,SOUTH CENTRAL,5
GA,COWETA,4,WEST CENTRAL,4
GA,CRAWFORD,5,CENTRAL,4
GA,CRISP,8,SOUTH CENTRAL,5
GA,DADE,1,NORTHWEST,4
GA,DAWSON,2,NORTH CENTRAL,4
GA,DE KALB,2,NORTH CENTRAL,4
GA,DECATUR,7,SOUTHWEST,5
GA,DODGE,5,CENTRAL,4
GA,DOOLY,8,SOUTH CENTRAL,5
GA,DOUGHERTY,7,SOUTHWEST,5
GA,DOUGLAS,4,WEST CENTRAL,4
GA,EARLY,7,SOUTHWEST,5
GA,ECHOLS,8,SOUTH CENTRAL,5
GA,EFFINGHAM,6,EAST CENTRAL,5
GA,ELBERT,3,NORTHEAST,4
GA,EMANUEL,6,EAST CENTRAL,5
GA,EVANS,9,SOUTHEAST,5
GA,FANNIN,2,NORTH CENTRAL,4
GA,FAYETTE,4,WEST CENTRAL,4
GA,FLOYD,1,NORTHWEST,4
GA,FORSYTH,2,NORTH CENTRAL,4
GA,FRANKLIN,3,NORTHEAST,4
GA,FULTON,2,NORTH CENTRAL,4
GA,GILMER,2,NORTH CENTRAL,4
GA,GLASCOCK,6,EAST CENTRAL,5
GA,GLYNN,9,SOUTHEAST,5
GA,GORDON,1,NORTHWEST,4
GA,GRADY,7,SOUTHWEST,5
GA,GREENE,5,CENTRAL,4
GA,GWINNETT,2,NORTH CENTRAL,4
GA,HABERSHAM,3,NORTHEAST,4
GA,HALL,2,NORTH CENTRAL,4
GA,HANCOCK,5,CENTRAL,4
GA,HARALSON,4,WEST CENTRAL,4
GA,HARRIS,4,WEST CENTRAL,4
GA,HART,3,NORTHEAST,4
GA,HEARD,4,WEST CENTRAL,4
GA,HENRY,4,WEST CENTRAL,4
GA,HOUSTON,5,CENTRAL,4
GA,IRWIN,8,SOUTH CENTRAL,5
GA,JACKSON,2,NORTH CENTRAL,4
GA,JASPER,5,CENTRAL,4
GA,JEFF DAVIS,8,SOUTH CENTRAL,5
GA,JEFFERSON,6,EAST CENTRAL,5
GA,JENKINS,6,EAST CENTRAL,5
GA,JOHNSON,5,CENTRAL,4
GA,JONES,5,CENTRAL,4
GA,LAMAR,4,WEST CENTRAL,4
GA,LANIER,8,SOUTH CENTRAL,5
GA,LAURENS,5,CENTRAL,4
GA,LEE,7,SOUTHWEST,5
GA,LIBERTY,9,SOUTHEAST,5
GA,LINCOLN,3,NORTHEAST,4
GA,LONG,9,SOUTHEAST,5
GA,LOWNDES,8,SOUTH CENTRAL,5
GA,LUMPKIN,2,NORTH CENTRAL,4
GA,MACON,4,WEST CENTRAL,4
GA,MADISON,3,NORTHEAST,4
GA,MARION,4,WEST CENTRAL,4
GA,MC INTOSH,9,SOUTHEAST,5
GA,MCDUFFIE,6,EAST CENTRAL,5
GA,MERIWETHER,4,WEST CENTRAL,4
GA,MILLER,7,SOUTHWEST,5
GA,MITCHELL,7,SOUTHWEST,5
GA,MONROE,5,CENTRAL,4
GA,MONTGOMERY,5,CENTRAL,4
GA,MORGAN,5,CENTRAL,4
GA,MURRAY,1,NORTHWEST,4
GA,MUSCOGEE,4,WEST CENTRAL,4
GA,NEWTON,5,CENTRAL,4
GA,OCONEE,2,NORTH CENTRAL,4
GA,OGLETHORPE,3,NORTHEAST,4
GA,PAULDING,1,NORTHWEST,4
GA,PEACH,5,CENTRAL,4
GA,PICKENS,2,NORTH CENTRAL,4
GA,PIERCE,9,SOUTHEAST,5
GA,PIKE,4,WEST CENTRAL,4
GA,POLK,1,NORTHWEST,4
GA,PULASKI,5,CENTRAL,4
GA,PUTNAM,5,CENTRAL,4
GA,QUITMAN,7,SOUTHWEST,5
GA,RABUN,3,NORTHEAST,4
GA,RANDOLPH,7,SOUTHWEST,5
GA,RICHMOND,6,EAST CENTRAL,5
GA,ROCKDALE,5,CENTRAL,4
GA,SCHLEY,4,WEST CENTRAL,4
GA,SCREVEN,6,EAST CENTRAL,5
GA,SEMINOLE,7,SOUTHWEST,5
GA,SPALDING,4,WEST CENTRAL,4
GA,STEPHENS,3,NORTHEAST,4
GA,STEWART,7,SOUTHWEST,5
GA,SUMTER,7,SOUTHWEST,5
GA,TALBOT,4,WEST CENTRAL,4
GA,TALIAFERRO,5,CENTRAL,4
GA,TATTNALL,9,SOUTHEAST,5
GA,TAYLOR,4,WEST CENTRAL,4
GA,TELFAIR,8,SOUTH CENTRAL,5
GA,TERRELL,7,SOUTHWEST,5
GA,THOMAS,7,SOUTHWEST,5
GA,TIFT,8,SOUTH CENTRAL,5
GA,TOOMBS,9,SOUTHEAST,5
GA,TOWNS,3,NORTHEAST,4
GA,TREUTLEN,5,CENTRAL,4
GA,TROUP,4,WEST CENTRAL,4
GA,TURNER,8,SOUTH CENTRAL,5
GA,TWIGGS,5,CENTRAL,4
GA,UNION,2,NORTH CENTRAL,4
GA,UPSON,2,NORTH CENTRAL,4
GA,UPSON,4,WEST CENTRAL,4
GA,WALKER,1,NORTHWEST,4
GA,WALTON,2,NORTH CENTRAL,4
GA,WARE,9,SOUTHEAST,5
GA,WARREN,6,EAST CENTRAL,5
GA,WASHINGTON,5,CENTRAL,4
GA,WAYNE,9,SOUTHEAST,5
GA,WEBSTER,7,SOUTHWEST,5
GA,WHEELER,5,CENTRAL,4
GA,WHITE,2,NORTH CENTRAL,4
GA,WHITFIELD,1,NORTHWEST,4
GA,WILCOX,8,SOUTH CENTRAL,5
GA,WILKES,3,NORTHEAST,4
GA,WILKINSON,5,CENTRAL,4
GA,WORTH,8,SOUTH CENTRAL,5
IA,ADAIR,7,SOUTHWEST,2
IA,ADAMS,7,SOUTHWEST,2
IA,ALLAMAKEE,3,NORTHEAST,1
IA,APPANOOSE,8,SOUTH CENTRAL,2
IA,AUDUBON,4,WEST CENTRAL,1
IA,BENTON,6,EAST CENTRAL,2
IA,BLACK HAWK,3,NORTHEAST,1
IA,BOONE,5,CENTRAL,1
IA,BREMER,3,NORTHEAST,1
IA,BUCHANAN,3,NORTHEAST,1
IA,BUENA VISTA,1,NORTHWEST,1
IA,BUTLER,2,NORTH CENTRAL,1
IA,CALHOUN,4,WEST CENTRAL,1
IA,CARROLL,4,WEST CENTRAL,1
IA,CASS,7,SOUTHWEST,2
IA,CEDAR,6,EAST CENTRAL,2
IA,CERRO GORDO,2,NORTH CENTRAL,1
IA,CHEROKEE,1,NORTHWEST,1
IA,CHICKASAW,3,NORTHEAST,1
IA,CLARKE,8,SOUTH CENTRAL,2
IA,CLAY,1,NORTHWEST,1
IA,CLAYTON,3,NORTHEAST,1
IA,CLINTON,6,EAST CENTRAL,2
IA,CRAWFORD,4,WEST CENTRAL,1
IA,DALLAS,5,CENTRAL,1
IA,DAVIS,9,SOUTHEAST,2
IA,DECATUR,8,SOUTH CENTRAL,2
IA,DELAWARE,3,NORTHEAST,1
IA,DES MOINES,9,SOUTHEAST,2
IA,DICKINSON,1,NORTHWEST,1
IA,DUBUQUE,3,NORTHEAST,1
IA,EMMET,1,NORTHWEST,1
IA,FAYETTE,3,NORTHEAST,1
IA,FLOYD,2,NORTH CENTRAL,1
IA,FRANKLIN,2,NORTH CENTRAL,1
IA,FREMONT,7,SOUTHWEST,2
IA,GREENE,4,WEST CENTRAL,1
IA,GRUNDY,5,CENTRAL,1
IA,GUTHRIE,4,WEST CENTRAL,1
IA,HAMILTON,5,CENTRAL,1
IA,HANCOCK,2,NORTH CENTRAL,1
IA,HARDIN,5,CENTRAL,1
IA,HARRISON,4,WEST CENTRAL,1
IA,HENRY,9,SOUTHEAST,2
IA,HOWARD,3,NORTHEAST,1
IA,HUMBOLDT,2,NORTH CENTRAL,1
IA,IDA,4,WEST CENTRAL,1
IA,IOWA,6,EAST CENTRAL,2
IA,JACKSON,6,EAST CENTRAL,2
IA,JASPER,5,CENTRAL,1
IA,JEFFERSON,9,SOUTHEAST,2
IA,JOHNSON,6,EAST CENTRAL,2
IA,JONES,6,EAST CENTRAL,2
IA,KEOKUK,9,SOUTHEAST,2
IA,KOSSUTH,2,NORTH CENTRAL,1
IA,LEE,9,SOUTHEAST,2
IA,LINN,6,EAST CENTRAL,2
IA,LOUISA,9,SOUTHEAST,2
IA,LUCAS,8,SOUTH CENTRAL,2
IA,LYON,1,NORTHWEST,1
IA,MADISON,8,SOUTH CENTRAL,2
IA,MAHASKA,9,SOUTHEAST,2
IA,MARION,8,SOUTH CENTRAL,2
IA,MARSHALL,5,CENTRAL,1
IA,MILLS,7,SOUTHWEST,2
IA,MITCHELL,2,NORTH CENTRAL,1
IA,MONONA,4,WEST CENTRAL,1
IA,MONROE,8,SOUTH CENTRAL,2
IA,MONTGOMERY,7,SOUTHWEST,2
IA,MUSCATINE,6,EAST CENTRAL,2
IA,O BRIEN,1,NORTHWEST,1
IA,OSCEOLA,1,NORTHWEST,1
IA,PAGE,7,SOUTHWEST,2
IA,PALO ALTO,1,NORTHWEST,1
IA,PLYMOUTH,1,NORTHWEST,1
IA,POCAHONTAS,1,NORTHWEST,1
IA,POLK,5,CENTRAL,1
IA,POTTAWATTAMIE,7,SOUTHWEST,2
IA,POWESHIEK,5,CENTRAL,1
IA,RINGGOLD,8,SOUTH CENTRAL,2
IA,SAC,4,WEST CENTRAL,1
IA,SCOTT,6,EAST CENTRAL,2
IA,SHELBY,4,WEST CENTRAL,1
IA,SIOUX,1,NORTHWEST,1
IA,STORY,5,CENTRAL,1
IA,TAMA,5,CENTRAL,1
IA,TAYLOR,7,SOUTHWEST,2
IA,UNION,8,SOUTH CENTRAL,2
IA,VAN BUREN,9,SOUTHEAST,2
IA,WAPELLO,9,SOUTHEAST,2
IA,WARREN,8,SOUTH CENTRAL,2
IA,WASHINGTON,9,SOUTHEAST,2
IA,WAYNE,8,SOUTH CENTRAL,2
IA,WEBSTER,5,CENTRAL,1
IA,WINNEBAGO,2,NORTH CENTRAL,1
IA,WINNESHIEK,3,NORTHEAST,1
IA,WOODBURY,4,WEST CENTRAL,1
IA,WORTH,2,NORTH CENTRAL,1
IA,WRIGHT,2,NORTH CENTRAL,1
ID,ADA              ,5,SOUTHWESTERN VALLEYS,2
ID,ADAMS        ,4,CENTRAL MOUNTAINS,1
ID,ADAMS            ,5,SOUTHWESTERN VALLEYS,2
ID,BANNOCK         ,10,EASTERN HIGHLANDS,1
ID,BEAR LAKE    ,10,EASTERN HIGHLANDS,1
ID,BENEWAH        ,1,PANHANDLE,1
ID,BINGHAM       ,9,UPPER SNAKE RIVER PLAINS,1
ID,BINGHAM         ,10,EASTERN HIGHLANDS,1
ID,BLAINE          ,4,CENTRAL MOUNTAINS,1
ID,BLAINE             ,7,CENTRAL PLAINS,2
ID,BOISE           ,4,CENTRAL MOUNTAINS,1
ID,BONNER            ,1,PANHANDLE,1
ID,BONNEVILLE          ,9,UPPER SNAKE RIVER PLAINS,1
ID,BONNEVILLE      ,10,EASTERN HIGHLANDS,1
ID,BOUNDARY          ,1,PANHANDLE,1
ID,BUTTE          ,9,UPPER SNAKE RIVER PLAINS,1
ID,CAMAS            ,4,CENTRAL MOUNTAINS,1
ID,CANYON           ,5,SOUTHWESTERN VALLEYS,2
ID,CARIBOU         ,10,EASTERN HIGHLANDS,1
ID,CASSIA           ,6,SOUTHWESTERN HIGHLANDS,1
ID,CASSIA           ,7,CENTRAL PLAINS,2
ID,CASSIA         ,9,UPPER SNAKE RIVER PLAINS,1
ID,CASSIA            ,10,EASTERN HIGHLANDS,1
ID,CLARK              ,8,NORTHEASTERN VALLEYS,1
ID,CLARK             ,9,UPPER SNAKE RIVER PLAINS,1
ID,CLARK             ,10,EASTERN HIGHLANDS,1
ID,CLEARWATER     ,3,NORTH CENTRAL CANYONS,2
ID,CLEARWATER         ,4,CENTRAL MOUNTAINS,1
ID,CUSTER             ,4,CENTRAL MOUNTAINS,1
ID,CUSTER            ,8,NORTHEASTERN VALLEYS,1
ID,ELMORE           ,4,CENTRAL MOUNTAINS,1
ID,ELMORE             ,5,SOUTHWESTERN VALLEYS,2
ID,FRANKLIN        ,10,EASTERN HIGHLANDS,1
ID,FREMONT        ,9,UPPER SNAKE RIVER PLAINS,1
ID,FREMONT        ,10,EASTERN HIGHLANDS,1
ID,GEM                ,5,SOUTHWESTERN VALLEYS,2
ID,GOODING         ,7,CENTRAL PLAINS,2
ID,IDAHO            ,2,NORTH CENTRAL PRARIES,1
ID,IDAHO            ,3,NORTH CENTRAL CANYONS,2
ID,IDAHO            ,4,CENTRAL MOUNTAINS,1
ID,JEFFERSON       ,9,UPPER SNAKE RIVER PLAINS,1
ID,JEROME             ,7,CENTRAL PLAINS,2
ID,KOOTENAI          ,1,PANHANDLE,1
ID,KOOTENAI         ,4,CENTRAL MOUNTAINS,1
ID,LATAH             ,2,NORTH CENTRAL PRARIES,1
ID,LEMHI              ,4,CENTRAL MOUNTAINS,1
ID,LEMHI             ,8,NORTHEASTERN VALLEYS,1
ID,LEWIS              ,2,NORTH CENTRAL PRARIES,1
ID,LEWIS           ,3,NORTH CENTRAL CANYONS,2
ID,LINCOLN         ,7,CENTRAL PLAINS,2
ID,MADISON          ,9,UPPER SNAKE RIVER PLAINS,1
ID,MINIDOKA        ,7,CENTRAL PLAINS,2
ID,NEZ PERCE      ,3,NORTH CENTRAL CANYONS,2
ID,ONEIDA            ,10,EASTERN HIGHLANDS,1
ID,OWYHEE          ,5,SOUTHWESTERN VALLEYS,2
ID,OWYHEE           ,6,SOUTHWESTERN HIGHLANDS,1
ID,PAYETTE       ,5,SOUTHWESTERN VALLEYS,2
ID,POWER           ,9,UPPER SNAKE RIVER PLAINS,1
ID,POWER       ,10,EASTERN HIGHLANDS,1
ID,SHOSHONE     ,4,CENTRAL MOUNTAINS,1
ID,TETON               ,10,EASTERN HIGHLANDS,1
ID,TWIN FALLS      ,6,SOUTHWESTERN HIGHLANDS,1
ID,TWIN FALLS     ,7,CENTRAL PLAINS,2
ID,VALLEY            ,4,CENTRAL MOUNTAINS,1
ID,VALLEY            ,5,SOUTHWESTERN VALLEYS,2
ID,WASHINGTON          ,5,SOUTHWESTERN VALLEYS,2
IL,ADAMS,3,WEST,2
IL,ALEXANDER,8,SOUTHWEST,3
IL,BOND,6,WEST SOUTHWEST,2
IL,BOONE,2,NORTHEAST,2
IL,BROWN,3,WEST,2
IL,BUREAU,1,NORTHWEST,2
IL,CALHOUN,6,WEST SOUTHWEST,2
IL,CARROLL,1,NORTHWEST,2
IL,CASS,6,WEST SOUTHWEST,2
IL,CHAMPAIGN,5,EAST,2
IL,CHRISTIAN,6,WEST SOUTHWEST,2
IL,CLARK,7,EAST SOUTHWEST,3
IL,CLAY,7,EAST SOUTHWEST,3
IL,CLINTON,8,SOUTHWEST,3
IL,COLES,7,EAST SOUTHWEST,3
IL,COOK,2,NORTHEAST,2
IL,CRAWFORD,7,EAST SOUTHWEST,3
IL,CUMBERLAND,7,EAST SOUTHWEST,3
IL,DE KALB,2,NORTHEAST,2
IL,DE WITT,4,CENTRAL,2
IL,DOUGLAS,7,EAST SOUTHWEST,3
IL,DU PAGE,2,NORTHEAST,2
IL,EDGAR,7,EAST SOUTHWEST,3
IL,EDWARDS,9,SOUTHEAST,3
IL,EFFINGHAM,7,EAST SOUTHWEST,3
IL,FAYETTE,7,EAST SOUTHWEST,3
IL,FORD,5,EAST,2
IL,FRANKLIN,9,SOUTHEAST,3
IL,FULTON,3,WEST,2
IL,GALLATIN,9,SOUTHEAST,3
IL,GREENE,6,WEST SOUTHWEST,2
IL,GRUNDY,2,NORTHEAST,2
IL,HAMILTON,9,SOUTHEAST,3
IL,HANCOCK,3,WEST,2
IL,HARDIN,9,SOUTHEAST,3
IL,HENDERSON,3,WEST,2
IL,HENRY,1,NORTHWEST,2
IL,IROQUOIS,5,EAST,2
IL,JACKSON,8,SOUTHWEST,3
IL,JASPER,7,EAST SOUTHWEST,3
IL,JEFFERSON,9,SOUTHEAST,3
IL,JERSEY,6,WEST SOUTHWEST,2
IL,JO DAVIESS,1,NORTHWEST,2
IL,JOHNSON,8,SOUTHWEST,3
IL,KANE,2,NORTHEAST,2
IL,KANKAKEE,5,EAST,2
IL,KENDALL,2,NORTHEAST,2
IL,KNOX,3,WEST,2
IL,LA SALLE,2,NORTHEAST,2
IL,LAKE,2,NORTHEAST,2
IL,LAWRENCE,7,EAST SOUTHWEST,3
IL,LEE,1,NORTHWEST,2
IL,LIVINGSTON,5,EAST,2
IL,LOGAN,4,CENTRAL,2
IL,MACON,4,CENTRAL,2
IL,MACOUPIN,6,WEST SOUTHWEST,2
IL,MADISON,6,WEST SOUTHWEST,2
IL,MARION,7,EAST SOUTHWEST,3
IL,MARION,8,SOUTHWEST,3
IL,MARSHALL,4,CENTRAL,2
IL,MASON,4,CENTRAL,2
IL,MASSAC,9,SOUTHEAST,3
IL,MCDONOUGH,3,WEST,2
IL,MCHENRY,2,NORTHEAST,2
IL,MCLEAN,4,CENTRAL,2
IL,MENARD,4,CENTRAL,2
IL,MERCER,1,NORTHWEST,2
IL,MONROE,8,SOUTHWEST,3
IL,MONTGOMERY,6,WEST SOUTHWEST,2
IL,MORGAN,6,WEST SOUTHWEST,2
IL,MOULTRIE,7,EAST SOUTHWEST,3
IL,OGLE,1,NORTHWEST,2
IL,PEORIA,4,CENTRAL,2
IL,PERRY,8,SOUTHWEST,3
IL,PIATT,5,EAST,2
IL,PIKE,6,WEST SOUTHWEST,2
IL,POPE,9,SOUTHEAST,3
IL,PULASKI,8,SOUTHWEST,3
IL,PUTNAM,1,NORTHWEST,2
IL,RANDOLPH,8,SOUTHWEST,3
IL,RICHLAND,7,EAST SOUTHWEST,3
IL,ROCK ISLAND,1,NORTHWEST,2
IL,SALINE,9,SOUTHEAST,3
IL,SANGAMON,6,WEST SOUTHWEST,2
IL,SCHUYLER,3,WEST,2
IL,SCOTT,6,WEST SOUTHWEST,2
IL,SHELBY,7,EAST SOUTHWEST,3
IL,ST CLAIR,8,SOUTHWEST,3
IL,STARK,4,CENTRAL,2
IL,STEPHENSON,1,NORTHWEST,2
IL,TAZEWELL,4,CENTRAL,2
IL,UNION,8,SOUTHWEST,3
IL,VERMILION,5,EAST,2
IL,WABASH,9,SOUTHEAST,3
IL,WARREN,3,WEST,2
IL,WASHINGTON,8,SOUTHWEST,3
IL,WAYNE,9,SOUTHEAST,3
IL,WHITE,9,SOUTHEAST,3
IL,WHITESIDE,1,NORTHWEST,2
IL,WILL,2,NORTHEAST,2
IL,WILLIAMSON,8,SOUTHWEST,3
IL,WINNEBAGO,1,NORTHWEST,2
IL,WOODFORD,4,CENTRAL,2
IN,ADAMS,3,NORTHEAST,2
IN,ALLEN,3,NORTHEAST,2
IN,BARTHOLOMEW,5,CENTRAL,2
IN,BENTON,1,NORTHWEST,2
IN,BLACKFORD,6,EAST CENTRAL,2
IN,BOONE,5,CENTRAL,2
IN,BROWN,8,SOUTH CENTRAL,3
IN,CARROLL,2,NORTH CENTRAL,2
IN,CASS,2,NORTH CENTRAL,2
IN,CLARK,9,SOUTHEAST,3
IN,CLAY,4,WEST CENTRAL,2
IN,CLINTON,5,CENTRAL,2
IN,CRAWFORD,8,SOUTH CENTRAL,3
IN,DAVIESS,7,SOUTHWEST,3
IN,DE KALB,3,NORTHEAST,2
IN,DEARBORN,9,SOUTHEAST,3
IN,DECATUR,5,CENTRAL,2
IN,DELAWARE,6,EAST CENTRAL,2
IN,DUBOIS,7,SOUTHWEST,3
IN,ELKHART,2,NORTH CENTRAL,2
IN,FAYETTE,6,EAST CENTRAL,2
IN,FLOYD,8,SOUTH CENTRAL,3
IN,FOUNTAIN,4,WEST CENTRAL,2
IN,FRANKLIN,9,SOUTHEAST,3
IN,FULTON,2,NORTH CENTRAL,2
IN,GIBSON,7,SOUTHWEST,3
IN,GRANT,5,CENTRAL,2
IN,GREENE,7,SOUTHWEST,3
IN,HAMILTON,5,CENTRAL,2
IN,HANCOCK,5,CENTRAL,2
IN,HARRISON,8,SOUTH CENTRAL,3
IN,HENDRICKS,5,CENTRAL,2
IN,HENRY,6,EAST CENTRAL,2
IN,HOWARD,5,CENTRAL,2
IN,HUNTINGTON,3,NORTHEAST,2
IN,JACKSON,8,SOUTH CENTRAL,3
IN,JASPER,1,NORTHWEST,2
IN,JAY,6,EAST CENTRAL,2
IN,JEFFERSON,9,SOUTHEAST,3
IN,JENNINGS,9,SOUTHEAST,3
IN,JOHNSON,5,CENTRAL,2
IN,KNOX,7,SOUTHWEST,3
IN,KOSCIUSKO,2,NORTH CENTRAL,2
IN,LA PORTE,1,NORTHWEST,2
IN,LAGRANGE,3,NORTHEAST,2
IN,LAKE,1,NORTHWEST,2
IN,LAWRENCE,8,SOUTH CENTRAL,3
IN,MADISON,5,CENTRAL,2
IN,MARION,5,CENTRAL,2
IN,MARSHALL,2,NORTH CENTRAL,2
IN,MARTIN,7,SOUTHWEST,3
IN,MIAMI,2,NORTH CENTRAL,2
IN,MONROE,8,SOUTH CENTRAL,3
IN,MONTGOMERY,4,WEST CENTRAL,2
IN,MORGAN,5,CENTRAL,2
IN,NEWTON,1,NORTHWEST,2
IN,NOBLE,3,NORTHEAST,2
IN,OHIO,9,SOUTHEAST,3
IN,ORANGE,8,SOUTH CENTRAL,3
IN,OWEN,4,WEST CENTRAL,2
IN,PARKE,4,WEST CENTRAL,2
IN,PERRY,8,SOUTH CENTRAL,3
IN,PIKE,7,SOUTHWEST,3
IN,PORTER,1,NORTHWEST,2
IN,POSEY,7,SOUTHWEST,3
IN,PULASKI,1,NORTHWEST,2
IN,PUTNAM,4,WEST CENTRAL,2
IN,RANDOLPH,6,EAST CENTRAL,2
IN,RIPLEY,9,SOUTHEAST,3
IN,RUSH,5,CENTRAL,2
IN,SCOTT,9,SOUTHEAST,3
IN,SHELBY,5,CENTRAL,2
IN,SPENCER,7,SOUTHWEST,3
IN,ST JOSEPH,2,NORTH CENTRAL,2
IN,STARKE,1,NORTHWEST,2
IN,STEUBEN,3,NORTHEAST,2
IN,SULLIVAN,7,SOUTHWEST,3
IN,SWITZERLAND,9,SOUTHEAST,3
IN,TIPPECANOE,4,WEST CENTRAL,2
IN,TIPTON,5,CENTRAL,2
IN,UNION,6,EAST CENTRAL,2
IN,VANDERBURGH,7,SOUTHWEST,3
IN,VERMILLION,4,WEST CENTRAL,2
IN,VIGO,4,WEST CENTRAL,2
IN,WABASH,2,NORTH CENTRAL,2
IN,WARREN,4,WEST CENTRAL,2
IN,WARRICK,7,SOUTHWEST,3
IN,WASHINGTON,8,SOUTH CENTRAL,3
IN,WAYNE,6,EAST CENTRAL,2
IN,WELLS,3,NORTHEAST,2
IN,WHITE,1,NORTHWEST,2
IN,WHITLEY,3,NORTHEAST,2
KS,ALLEN,9,SOUTHEAST,3
KS,ANDERSON,6,EAST CENTRAL,3
KS,ATCHISON,3,NORTHEAST,2
KS,BARBER,8,SOUTH CENTRAL,3
KS,BARTON,5,CENTRAL,3
KS,BOURBON,9,SOUTHEAST,3
KS,BROWN,3,NORTHEAST,2
KS,BUTLER,9,SOUTHEAST,3
KS,CHASE,6,EAST CENTRAL,3
KS,CHAUTAUQUA,9,SOUTHEAST,3
KS,CHEROKEE,9,SOUTHEAST,3
KS,CHEYENNE,1,NORTHWEST,2
KS,CLARK,7,SOUTHWEST,3
KS,CLAY,2,NORTH CENTRAL,2
KS,CLOUD,2,NORTH CENTRAL,2
KS,COFFEY,6,EAST CENTRAL,3
KS,COMANCHE,8,SOUTH CENTRAL,3
KS,COWLEY,9,SOUTHEAST,3
KS,CRAWFORD,9,SOUTHEAST,3
KS,DECATUR,1,NORTHWEST,2
KS,DICKINSON,5,CENTRAL,3
KS,DONIPHAN,3,NORTHEAST,2
KS,DOUGLAS,6,EAST CENTRAL,3
KS,EDWARDS,8,SOUTH CENTRAL,3
KS,ELK,9,SOUTHEAST,3
KS,ELLIS,5,CENTRAL,3
KS,ELLSWORTH,5,CENTRAL,3
KS,FINNEY,7,SOUTHWEST,3
KS,FORD,7,SOUTHWEST,3
KS,FRANKLIN,6,EAST CENTRAL,3
KS,GEARY,6,EAST CENTRAL,3
KS,GOVE,4,WEST CENTRAL,2
KS,GRAHAM,1,NORTHWEST,2
KS,GRANT,7,SOUTHWEST,3
KS,GRAY,7,SOUTHWEST,3
KS,GREELEY,4,WEST CENTRAL,2
KS,GREENWOOD,9,SOUTHEAST,3
KS,HAMILTON,7,SOUTHWEST,3
KS,HARPER,8,SOUTH CENTRAL,3
KS,HARVEY,8,SOUTH CENTRAL,3
KS,HASKELL,7,SOUTHWEST,3
KS,HODGEMAN,7,SOUTHWEST,3
KS,JACKSON,3,NORTHEAST,2
KS,JEFFERSON,3,NORTHEAST,2
KS,JEWELL,2,NORTH CENTRAL,2
KS,JOHNSON,6,EAST CENTRAL,3
KS,KEARNY,7,SOUTHWEST,3
KS,KINGMAN,8,SOUTH CENTRAL,3
KS,KIOWA,8,SOUTH CENTRAL,3
KS,LABETTE,9,SOUTHEAST,3
KS,LANE,4,WEST CENTRAL,2
KS,LEAVENWORTH,3,NORTHEAST,2
KS,LINCOLN,5,CENTRAL,3
KS,LINN,6,EAST CENTRAL,3
KS,LOGAN,4,WEST CENTRAL,2
KS,LYON,6,EAST CENTRAL,3
KS,MARION,5,CENTRAL,3
KS,MARSHALL,3,NORTHEAST,2
KS,MC PHERSON,5,CENTRAL,3
KS,MEADE,7,SOUTHWEST,3
KS,MIAMI,6,EAST CENTRAL,3
KS,MITCHELL,2,NORTH CENTRAL,2
KS,MONTGOMERY,9,SOUTHEAST,3
KS,MORRIS,6,EAST CENTRAL,3
KS,MORTON,7,SOUTHWEST,3
KS,NEMAHA,3,NORTHEAST,2
KS,NEOSHO,9,SOUTHEAST,3
KS,NESS,4,WEST CENTRAL,2
KS,NORTON,1,NORTHWEST,2
KS,OSAGE,6,EAST CENTRAL,3
KS,OSBORNE,2,NORTH CENTRAL,2
KS,OTTAWA,2,NORTH CENTRAL,2
KS,PAWNEE,8,SOUTH CENTRAL,3
KS,PHILLIPS,2,NORTH CENTRAL,2
KS,POTTAWATOMIE,3,NORTHEAST,2
KS,PRATT,8,SOUTH CENTRAL,3
KS,RAWLINS,1,NORTHWEST,2
KS,RENO,8,SOUTH CENTRAL,3
KS,REPUBLIC,2,NORTH CENTRAL,2
KS,RICE,5,CENTRAL,3
KS,RILEY,3,NORTHEAST,2
KS,ROOKS,2,NORTH CENTRAL,2
KS,RUSH,5,CENTRAL,3
KS,RUSSELL,5,CENTRAL,3
KS,SALINE,5,CENTRAL,3
KS,SCOTT,4,WEST CENTRAL,2
KS,SEDGWICK,8,SOUTH CENTRAL,3
KS,SEWARD,7,SOUTHWEST,3
KS,SHAWNEE,6,EAST CENTRAL,3
KS,SHERIDAN,1,NORTHWEST,2
KS,SHERMAN,1,NORTHWEST,2
KS,SMITH,2,NORTH CENTRAL,2
KS,STAFFORD,8,SOUTH CENTRAL,3
KS,STANTON,7,SOUTHWEST,3
KS,STEVENS,7,SOUTHWEST,3
KS,SUMNER,8,SOUTH CENTRAL,3
KS,THOMAS,1,NORTHWEST,2
KS,TREGO,4,WEST CENTRAL,2
KS,WABAUNSEE,6,EAST CENTRAL,3
KS,WALLACE,4,WEST CENTRAL,2
KS,WASHINGTON,2,NORTH CENTRAL,2
KS,WICHITA,4,WEST CENTRAL,2
KS,WILSON,9,SOUTHEAST,3
KS,WOODSON,9,SOUTHEAST,3
KS,WYANDOTTE,3,NORTHEAST,2
KY,ADAIR,2,CENTRAL,3
KY,ALLEN,2,CENTRAL,3
KY,ANDERSON,3,BLUE GRASS,3
KY,BALLARD,1,WESTERN,3
KY,BARREN,2,CENTRAL,3
KY,BATH,3,BLUE GRASS,3
KY,BELL,4,EASTERN,3
KY,BOONE,3,BLUE GRASS,3
KY,BOURBON,3,BLUE GRASS,3
KY,BOYD,4,EASTERN,3
KY,BOYLE,3,BLUE GRASS,3
KY,BRACKEN,3,BLUE GRASS,3
KY,BREATHITT,4,EASTERN,3
KY,BRECKINRIDGE,2,CENTRAL,3
KY,BULLITT,2,CENTRAL,3
KY,BUTLER,2,CENTRAL,3
KY,CALDWELL,1,WESTERN,3
KY,CALLOWAY,1,WESTERN,3
KY,CAMPBELL,3,BLUE GRASS,3
KY,CARLISLE,1,WESTERN,3
KY,CARROLL,3,BLUE GRASS,3
KY,CARTER,4,EASTERN,3
KY,CASEY,2,CENTRAL,3
KY,CHRISTIAN,1,WESTERN,3
KY,CLARK,3,BLUE GRASS,3
KY,CLAY,4,EASTERN,3
KY,CLINTON,2,CENTRAL,3
KY,CRITTENDEN,1,WESTERN,3
KY,CUMBERLAND,2,CENTRAL,3
KY,DAVIESS,1,WESTERN,3
KY,EDMONSON,2,CENTRAL,3
KY,ELLIOT,4,EASTERN,3
KY,ESTILL,4,EASTERN,3
KY,FAYETTE,3,BLUE GRASS,3
KY,FLEMING,3,BLUE GRASS,3
KY,FLOYD,4,EASTERN,3
KY,FRANKLIN,3,BLUE GRASS,3
KY,FULTON,1,WESTERN,3
KY,GALLATIN,3,BLUE GRASS,3
KY,GARRARD,3,BLUE GRASS,3
KY,GRANT,3,BLUE GRASS,3
KY,GRAVES,1,WESTERN,3
KY,GRAYSON,2,CENTRAL,3
KY,GREEN,2,CENTRAL,3
KY,GREENUP,4,EASTERN,3
KY,HANCOCK,1,WESTERN,3
KY,HARDIN,2,CENTRAL,3
KY,HARLAN,4,EASTERN,3
KY,HARRISON,3,BLUE GRASS,3
KY,HART,2,CENTRAL,3
KY,HENDERSON,1,WESTERN,3
KY,HENRY,3,BLUE GRASS,3
KY,HICKMAN,1,WESTERN,3
KY,HOPKINS,1,WESTERN,3
KY,JACKSON,4,EASTERN,3
KY,JEFFERSON,2,CENTRAL,3
KY,JESSAMINE,3,BLUE GRASS,3
KY,JOHNSON,4,EASTERN,3
KY,KENTON,3,BLUE GRASS,3
KY,KNOTT,4,EASTERN,3
KY,KNOX,4,EASTERN,3
KY,LARUE,2,CENTRAL,3
KY,LAUREL,4,EASTERN,3
KY,LAWRENCE,4,EASTERN,3
KY,LEE,4,EASTERN,3
KY,LESLIE,4,EASTERN,3
KY,LETCHER,4,EASTERN,3
KY,LEWIS,4,EASTERN,3
KY,LINCOLN,3,BLUE GRASS,3
KY,LIVINGSTON,1,WESTERN,3
KY,LOGAN,1,WESTERN,3
KY,LYON,1,WESTERN,3
KY,MADISON,3,BLUE GRASS,3
KY,MAGOFFIN,4,EASTERN,3
KY,MARION,2,CENTRAL,3
KY,MARSHALL,1,WESTERN,3
KY,MARTIN,4,EASTERN,3
KY,MASON,3,BLUE GRASS,3
KY,MC CRACKEN,1,WESTERN,3
KY,MC CREARY,4,EASTERN,3
KY,MC LEAN,1,WESTERN,3
KY,MEADE,2,CENTRAL,3
KY,MENIFEE,4,EASTERN,3
KY,MERCER,3,BLUE GRASS,3
KY,METCALFE,2,CENTRAL,3
KY,MONROE,2,CENTRAL,3
KY,MONTGOMERY,3,BLUE GRASS,3
KY,MORGAN,4,EASTERN,3
KY,MUHLENBERG,1,WESTERN,3
KY,NELSON,2,CENTRAL,3
KY,NICHOLAS,3,BLUE GRASS,3
KY,OHIO,1,WESTERN,3
KY,OLDHAM,3,BLUE GRASS,3
KY,OWEN,3,BLUE GRASS,3
KY,OWSLEY,4,EASTERN,3
KY,PENDLETON,3,BLUE GRASS,3
KY,PERRY,4,EASTERN,3
KY,PIKE,4,EASTERN,3
KY,POWELL,4,EASTERN,3
KY,PULASKI,4,EASTERN,3
KY,ROBERTSON,3,BLUE GRASS,3
KY,ROCKCASTLE,4,EASTERN,3
KY,ROWAN,3,BLUE GRASS,3
KY,ROWAN,4,EASTERN,3
KY,RUSSELL,2,CENTRAL,3
KY,SCOTT,3,BLUE GRASS,3
KY,SHELBY,3,BLUE GRASS,3
KY,SIMPSON,1,WESTERN,3
KY,SPENCER,3,BLUE GRASS,3
KY,TAYLOR,2,CENTRAL,3
KY,TODD,1,WESTERN,3
KY,TRIGG,1,WESTERN,3
KY,TRIMBLE,3,BLUE GRASS,3
KY,UNION,1,WESTERN,3
KY,WARREN,2,CENTRAL,3
KY,WASHINGTON,3,BLUE GRASS,3
KY,WAYNE,4,EASTERN,3
KY,WEBSTER,1,WESTERN,3
KY,WHITLEY,4,EASTERN,3
KY,WOLFE,4,EASTERN,3
KY,WOODFORD,3,BLUE GRASS,3
LA,ACADIA,7,SOUTHWEST,5
LA,ALLEN,7,SOUTHWEST,5
LA,ASCENSION,9,SOUTHEAST,5
LA,ASSUMPTION,8,SOUTH CENTRAL,5
LA,AVOYELLES,5,CENTRAL,5
LA,BEAUREGARD,7,SOUTHWEST,5
LA,BIENVILLE,2,NORTH CENTRAL,5
LA,BOSSIER,1,NORTHWEST,5
LA,CADDO,1,NORTHWEST,5
LA,CALCASIEU,7,SOUTHWEST,5
LA,CALDWELL,2,NORTH CENTRAL,5
LA,CAMERON,7,SOUTHWEST,5
LA,CATAHOULA,5,CENTRAL,5
LA,CLAIBORNE,2,NORTH CENTRAL,5
LA,CONCORDIA,5,CENTRAL,5
LA,DE SOTO,1,NORTHWEST,5
LA,EAST BATON ROUGE,6,EAST CENTRAL,5
LA,EAST CARROLL,3,NORTHEAST,5
LA,EAST FELICIANA,6,EAST CENTRAL,5
LA,EVANGELINE,5,CENTRAL,5
LA,FRANKLIN,3,NORTHEAST,5
LA,GRANT,5,CENTRAL,5
LA,IBERIA,8,SOUTH CENTRAL,5
LA,IBERVILLE,8,SOUTH CENTRAL,5
LA,JACKSON,2,NORTH CENTRAL,5
LA,JEFFERSON,9,SOUTHEAST,5
LA,JEFFERSON DAVIS,7,SOUTHWEST,5
LA,LA SALLE,5,CENTRAL,5
LA,LAFAYETTE,8,SOUTH CENTRAL,5
LA,LAFOURCHE,9,SOUTHEAST,5
LA,LINCOLN,2,NORTH CENTRAL,5
LA,LIVINGSTON,6,EAST CENTRAL,5
LA,MADISON,3,NORTHEAST,5
LA,MOREHOUSE,3,NORTHEAST,5
LA,NATCHITOCHES,4,WEST CENTRAL,5
LA,ORLEANS,9,SOUTHEAST,5
LA,OUACHITA,2,NORTH CENTRAL,5
LA,PLAQUEMINES,9,SOUTHEAST,5
LA,POINTE COUPEE,5,CENTRAL,5
LA,RAPIDES,5,CENTRAL,5
LA,RED RIVER,1,NORTHWEST,5
LA,RICHLAND,3,NORTHEAST,5
LA,SABINE,4,WEST CENTRAL,5
LA,ST BERNARD,9,SOUTHEAST,5
LA,ST CHARLES,9,SOUTHEAST,5
LA,ST HELENA,6,EAST CENTRAL,5
LA,ST JAMES,9,SOUTHEAST,5
LA,ST JOHN THE BAPTIST,9,SOUTHEAST,5
LA,ST LANDRY,5,CENTRAL,5
LA,ST MARTIN,8,SOUTH CENTRAL,5
LA,ST MARY,8,SOUTH CENTRAL,5
LA,ST TAMMANY,6,EAST CENTRAL,5
LA,TANGIPAHOA,6,EAST CENTRAL,5
LA,TENSAS,3,NORTHEAST,5
LA,TERREBONNE,9,SOUTHEAST,5
LA,UNION,2,NORTH CENTRAL,5
LA,VERMILION,7,SOUTHWEST,5
LA,VERNON,4,WEST CENTRAL,5
LA,WASHINGTON,6,EAST CENTRAL,5
LA,WEBSTER,1,NORTHWEST,5
LA,WEST BATON ROUGE,5,CENTRAL,5
LA,WEST CARROLL,3,NORTHEAST,5
LA,WEST FELICIANA,6,EAST CENTRAL,5
LA,WINN,2,NORTH CENTRAL,5
MA,BARNSTABLE,3,COASTAL,2
MA,BERKSHIRE,1,WESTERN,1
MA,BRISTOL,2,CENTRAL,2
MA,BRISTOL,3,COASTAL,2
MA,DUKES,3,COASTAL,2
MA,ESSEX,2,CENTRAL,2
MA,ESSEX,3,COASTAL,2
MA,FRANKLIN,1,WESTERN,1
MA,FRANKLIN,2,CENTRAL,2
MA,HAMPDEN,1,WESTERN,1
MA,HAMPDEN,2,CENTRAL,2
MA,HAMPSHIRE,1,WESTERN,1
MA,HAMPSHIRE,2,CENTRAL,2
MA,MIDDLESEX,2,CENTRAL,2
MA,MIDDLESEX,3,COASTAL,2
MA,NANTUCKET,3,COASTAL,2
MA,NORFOLK,2,CENTRAL,2
MA,NORFOLK,3,COASTAL,2
MA,PLYMOUTH,3,COASTAL,2
MA,SUFFOLK,2,CENTRAL,2
MA,SUFFOLK,3,COASTAL,2
MA,WORCESTER,2,CENTRAL,2
MD,ALLEGANY,7,APPALACHIAN MOUNTAIN,2
MD,ANNE ARUNDEL,4,UPPER SOUTHERN,3
MD,BALTIMORE,6,NORTHERN CENTRAL,3
MD,CALVERT,3,LOWER SOUTHERN,3
MD,CAROLINE,2,CENTRAL EASTERN SHORE,3
MD,CARROLL,6,NORTHERN CENTRAL,3
MD,CECIL,6,NORTHERN CENTRAL,3
MD,CHARLES,3,LOWER SOUTHERN,3
MD,DORCHESTER,2,CENTRAL EASTERN SHORE,3
MD,FREDERICK,6,NORTHERN CENTRAL,3
MD,GARRETT,8,ALLEGHENY PLATEAU,2
MD,HARFORD,6,NORTHERN CENTRAL,3
MD,HOWARD,6,NORTHERN CENTRAL,3
MD,KENT,5,NORTHEASTERN SHORE,3
MD,MONTGOMERY,6,NORTHERN CENTRAL,3
MD,PRINCE GEORGES,4,UPPER SOUTHERN,3
MD,QUEEN ANNES,5,NORTHEASTERN SHORE,3
MD,SOMERSET,1,SOUTHEASTERN SHORE,3
MD,ST MARYS,3,LOWER SOUTHERN,3
MD,TALBOT,2,CENTRAL EASTERN SHORE,3
MD,WASHINGTON,7,APPALACHIAN MOUNTAIN,2
MD,WICOMICO,1,SOUTHEASTERN SHORE,3
MD,WORCESTER,1,SOUTHEASTERN SHORE,3
ME,ANDROSCOGGIN,2,SOUTHERN INTERIOR,1
ME,AROOSTOOK,1,NORTHERN,1
ME,CUMBERLAND,2,SOUTHERN INTERIOR,1
ME,CUMBERLAND,3,COASTAL,1
ME,FRANKLIN,1,NORTHERN,1
ME,FRANKLIN,2,SOUTHERN INTERIOR,1
ME,HANCOCK,2,SOUTHERN INTERIOR,1
ME,HANCOCK,3,COASTAL,1
ME,KENNEBEC,2,SOUTHERN INTERIOR,1
ME,KNOX,3,COASTAL,1
ME,LINCOLN,3,COASTAL,1
ME,OXFORD,1,NORTHERN,1
ME,OXFORD,2,SOUTHERN INTERIOR,1
ME,PENOBSCOT,1,NORTHERN,1
ME,PENOBSCOT,2,SOUTHERN INTERIOR,1
ME,PISCATAQUIS,1,NORTHERN,1
ME,PISCATAQUIS,2,SOUTHERN INTERIOR,1
ME,SAGADAHOC,2,SOUTHERN INTERIOR,1
ME,SAGADAHOC,3,COASTAL,1
ME,SOMERSET,1,NORTHERN,1
ME,SOMERSET,2,SOUTHERN INTERIOR,1
ME,WALDO,2,SOUTHERN INTERIOR,1
ME,WALDO,3,COASTAL,1
ME,WASHINGTON,2,SOUTHERN INTERIOR,1
ME,WASHINGTON,3,COASTAL,1
ME,YORK,2,SOUTHERN INTERIOR,1
ME,YORK,3,COASTAL,1
MI,ALCONA,4,NORTHEAST LOWER,1
MI,ALGER,2,EAST UPPER,1
MI,ALLEGAN,8,SOUTHWEST LOWER,2
MI,ALPENA,4,NORTHEAST LOWER,1
MI,ANTRIM,3,NORTHWEST LOWER,1
MI,ARENAC,7,EAST CENTRAL LOWER,1
MI,BARAGA,1,WEST UPPER,1
MI,BARRY,9,SOUTH CENTRAL LOWER,2
MI,BAY,7,EAST CENTRAL LOWER,1
MI,BENZIE,3,NORTHWEST LOWER,1
MI,BERRIEN,8,SOUTHWEST LOWER,2
MI,BRANCH,9,SOUTH CENTRAL LOWER,2
MI,CALHOUN,9,SOUTH CENTRAL LOWER,2
MI,CASS,8,SOUTHWEST LOWER,2
MI,CHARLEVOIX,3,NORTHWEST LOWER,1
MI,CHEBOYGAN,4,NORTHEAST LOWER,1
MI,CHIPPEWA,2,EAST UPPER,1
MI,CLARE,6,CENTRAL LOWER,1
MI,CLINTON,9,SOUTH CENTRAL LOWER,2
MI,CRAWFORD,4,NORTHEAST LOWER,1
MI,DELTA,2,EAST UPPER,1
MI,DICKINSON,1,WEST UPPER,1
MI,EATON,9,SOUTH CENTRAL LOWER,2
MI,EMMET,3,NORTHWEST LOWER,1
MI,GENESEE,10,SOUTHEAST LOWER,2
MI,GLADWIN,6,CENTRAL LOWER,1
MI,GOGEBIC,1,WEST UPPER,1
MI,GRAND TRAVERSE,3,NORTHWEST LOWER,1
MI,GRATIOT,6,CENTRAL LOWER,1
MI,HILLSDALE,9,SOUTH CENTRAL LOWER,2
MI,HOUGHTON,1,WEST UPPER,1
MI,HURON,7,EAST CENTRAL LOWER,1
MI,INGHAM,9,SOUTH CENTRAL LOWER,2
MI,IONIA,9,SOUTH CENTRAL LOWER,2
MI,IOSCO,4,NORTHEAST LOWER,1
MI,IRON,1,WEST UPPER,1
MI,ISABELLA,6,CENTRAL LOWER,1
MI,JACKSON,9,SOUTH CENTRAL LOWER,2
MI,KALAMAZOO,8,SOUTHWEST LOWER,2
MI,KALKASKA,3,NORTHWEST LOWER,1
MI,KENT,8,SOUTHWEST LOWER,2
MI,KEWEENAW,1,WEST UPPER,1
MI,LAKE,5,WEST CENTRAL LOWER,1
MI,LAPEER,10,SOUTHEAST LOWER,2
MI,LEELANAU,3,NORTHWEST LOWER,1
MI,LENAWEE,10,SOUTHEAST LOWER,2
MI,LIVINGSTON,10,SOUTHEAST LOWER,2
MI,LUCE,2,EAST UPPER,1
MI,MACKINAC,2,EAST UPPER,1
MI,MACOMB,10,SOUTHEAST LOWER,2
MI,MANISTEE,3,NORTHWEST LOWER,1
MI,MARQUETTE,1,WEST UPPER,1
MI,MASON,5,WEST CENTRAL LOWER,1
MI,MECOSTA,6,CENTRAL LOWER,1
MI,MENOMINEE,1,WEST UPPER,1
MI,MIDLAND,6,CENTRAL LOWER,1
MI,MISSAUKEE,3,NORTHWEST LOWER,1
MI,MONROE,10,SOUTHEAST LOWER,2
MI,MONTCALM,6,CENTRAL LOWER,1
MI,MONTMORENCY,4,NORTHEAST LOWER,1
MI,MUSKEGON,5,WEST CENTRAL LOWER,1
MI,NEWAYGO,5,WEST CENTRAL LOWER,1
MI,OAKLAND,10,SOUTHEAST LOWER,2
MI,OCEANA,5,WEST CENTRAL LOWER,1
MI,OGEMAW,4,NORTHEAST LOWER,1
MI,ONTONAGON,1,WEST UPPER,1
MI,OSCEOLA,6,CENTRAL LOWER,1
MI,OSCODA,4,NORTHEAST LOWER,1
MI,OTSEGO,4,NORTHEAST LOWER,1
MI,OTTAWA,8,SOUTHWEST LOWER,2
MI,PRESQUE ISLE,4,NORTHEAST LOWER,1
MI,ROSCOMMON,4,NORTHEAST LOWER,1
MI,SAGINAW,7,EAST CENTRAL LOWER,1
MI,SANILAC,7,EAST CENTRAL LOWER,1
MI,SCHOOLCRAFT,2,EAST UPPER,1
MI,SHIAWASSEE,9,SOUTH CENTRAL LOWER,2
MI,ST CLAIR,10,SOUTHEAST LOWER,2
MI,ST JOSEPH,9,SOUTH CENTRAL LOWER,2
MI,TUSCOLA,7,EAST CENTRAL LOWER,1
MI,VAN BUREN,8,SOUTHWEST LOWER,2
MI,WASHTENAW,10,SOUTHEAST LOWER,2
MI,WAYNE,10,SOUTHEAST LOWER,2
MI,WEXFORD,3,NORTHWEST LOWER,1
MN,AITKIN,6,EAST CENTRAL  ,1
MN,ANOKA,6,EAST CENTRAL  ,1
MN,BECKER,1,NORTHWEST,1
MN,BELTRAMI,2,NORTH CENTRAL,1
MN,BENTON,5,CENTRAL,1
MN,BIG STONE,4,WEST CENTRAL,1
MN,BLUE EARTH,8,SOUTH CENTRAL,1
MN,BROWN,8,SOUTH CENTRAL,1
MN,CARLTON,6,EAST CENTRAL  ,1
MN,CARVER,5,CENTRAL,1
MN,CASS,2,NORTH CENTRAL,1
MN,CHIPPEWA,4,WEST CENTRAL,1
MN,CHISAGO,6,EAST CENTRAL  ,1
MN,CLAY,1,NORTHWEST,1
MN,CLEARWATER,1,NORTHWEST,1
MN,COOK,3,NORTHEAST,1
MN,COTTONWOOD,7,SOUTHWEST,1
MN,CROW WING,6,EAST CENTRAL  ,1
MN,DAKOTA,8,SOUTH CENTRAL,1
MN,DAKOTA,9,SOUTHEAST,1
MN,DODGE,9,SOUTHEAST,1
MN,DOUGLAS,4,WEST CENTRAL,1
MN,FARIBAULT,8,SOUTH CENTRAL,1
MN,FILLMORE,9,SOUTHEAST,1
MN,FREEBORN,8,SOUTH CENTRAL,1
MN,GOODHUE,9,SOUTHEAST,1
MN,GRANT,4,WEST CENTRAL,1
MN,HENNEPIN,6,EAST CENTRAL  ,1
MN,HOUSTON,9,SOUTHEAST,1
MN,HUBBARD,2,NORTH CENTRAL,1
MN,ISANTI,6,EAST CENTRAL  ,1
MN,ITASCA,2,NORTH CENTRAL,1
MN,JACKSON,7,SOUTHWEST,1
MN,KANABEC,6,EAST CENTRAL  ,1
MN,KANDIYOHI,5,CENTRAL,1
MN,KITTSON,1,NORTHWEST,1
MN,KOOCHICHING,2,NORTH CENTRAL,1
MN,LAC QUI PARLE,4,WEST CENTRAL,1
MN,LAKE,3,NORTHEAST,1
MN,LAKE OF THE WOODS,2,NORTH CENTRAL,1
MN,LE SUEUR,8,SOUTH CENTRAL,1
MN,LINCOLN,7,SOUTHWEST,1
MN,LYON,7,SOUTHWEST,1
MN,MAHNOMEN,1,NORTHWEST,1
MN,MARSHALL,1,NORTHWEST,1
MN,MARTIN,8,SOUTH CENTRAL,1
MN,MCLEOD,5,CENTRAL,1
MN,MEEKER,5,CENTRAL,1
MN,MILLE LACS,6,EAST CENTRAL  ,1
MN,MORRISON,5,CENTRAL,1
MN,MOWER,9,SOUTHEAST,1
MN,MURRAY,7,SOUTHWEST,1
MN,NICOLLET,8,SOUTH CENTRAL,1
MN,NOBLES,7,SOUTHWEST,1
MN,NORMAN,1,NORTHWEST,1
MN,NORMAN,9,SOUTHEAST,1
MN,OLMSTED,9,SOUTHEAST,1
MN,OTTER TAIL,4,WEST CENTRAL,1
MN,PENNINGTON,1,NORTHWEST,1
MN,PINE,6,EAST CENTRAL  ,1
MN,PIPESTONE,7,SOUTHWEST,1
MN,POLK,1,NORTHWEST,1
MN,POPE,4,WEST CENTRAL,1
MN,RAMSEY,6,EAST CENTRAL  ,1
MN,RED LAKE,1,NORTHWEST,1
MN,REDWOOD,7,SOUTHWEST,1
MN,RENVILLE,5,CENTRAL,1
MN,RICE,8,SOUTH CENTRAL,1
MN,ROCK,7,SOUTHWEST,1
MN,ROSEAU,1,NORTHWEST,1
MN,SCOTT,5,CENTRAL,1
MN,SHERBURNE,5,CENTRAL,1
MN,SIBLEY,5,CENTRAL,1
MN,ST LOUIS,2,NORTH CENTRAL,1
MN,ST LOUIS,3,NORTHEAST,1
MN,STEARNS,5,CENTRAL,1
MN,STEELE,8,SOUTH CENTRAL,1
MN,STEVENS,4,WEST CENTRAL,1
MN,SWIFT,4,WEST CENTRAL,1
MN,TODD,5,CENTRAL,1
MN,TRAVERSE,4,WEST CENTRAL,1
MN,WABASHA,9,SOUTHEAST,1
MN,WADENA,5,CENTRAL,1
MN,WASECA,8,SOUTH CENTRAL,1
MN,WASHINGTON,6,EAST CENTRAL  ,1
MN,WATONWAN,8,SOUTH CENTRAL,1
MN,WILKIN,4,WEST CENTRAL,1
MN,WINONA,9,SOUTHEAST,1
MN,WRIGHT,5,CENTRAL,1
MN,YELLOW MED,4,WEST CENTRAL,1
MO,ADAIR,2,NORTHEAST PRAIRIE,3
MO,ANDREW,1,NORTHWEST PRAIRIE,2
MO,ATCHISON,1,NORTHWEST PRAIRIE,2
MO,AUDRAIN,2,NORTHEAST PRAIRIE,3
MO,BARRY,4,WEST OZARKS,3
MO,BARTON,4,WEST OZARKS,3
MO,BATES,3,WEST CENTRAL PLAINS,3
MO,BENTON,3,WEST CENTRAL PLAINS,3
MO,BOLLINGER,5,EAST OZARKS,3
MO,BOONE,2,NORTHEAST PRAIRIE,3
MO,BUCHANAN,1,NORTHWEST PRAIRIE,2
MO,BUTLER,6,BOOTHEEL,3
MO,CALDWELL,1,NORTHWEST PRAIRIE,2
MO,CALLAWAY,2,NORTHEAST PRAIRIE,3
MO,CAMDEN,3,WEST CENTRAL PLAINS,3
MO,CAPE GIRARDEAU,5,EAST OZARKS,3
MO,CARROLL,1,NORTHWEST PRAIRIE,2
MO,CARTER,5,EAST OZARKS,3
MO,CASS,3,WEST CENTRAL PLAINS,3
MO,CEDAR,3,WEST CENTRAL PLAINS,3
MO,CHARITON,1,NORTHWEST PRAIRIE,2
MO,CHRISTIAN,4,WEST OZARKS,3
MO,CLARK,2,NORTHEAST PRAIRIE,3
MO,CLAY,1,NORTHWEST PRAIRIE,2
MO,CLINTON,1,NORTHWEST PRAIRIE,2
MO,COLE,3,WEST CENTRAL PLAINS,3
MO,COOPER,3,WEST CENTRAL PLAINS,3
MO,CRAWFORD,5,EAST OZARKS,3
MO,DADE,4,WEST OZARKS,3
MO,DALLAS,4,WEST OZARKS,3
MO,DAVIESS,1,NORTHWEST PRAIRIE,2
MO,DE KALB,1,NORTHWEST PRAIRIE,2
MO,DENT,5,EAST OZARKS,3
MO,DOUGLAS,4,WEST OZARKS,3
MO,DUNKLIN,6,BOOTHEEL,3
MO,FRANKLIN,2,NORTHEAST PRAIRIE,3
MO,GASCONADE,2,NORTHEAST PRAIRIE,3
MO,GENTRY,1,NORTHWEST PRAIRIE,2
MO,GREENE,4,WEST OZARKS,3
MO,GRUNDY,1,NORTHWEST PRAIRIE,2
MO,HARRISON,1,NORTHWEST PRAIRIE,2
MO,HENRY,3,WEST CENTRAL PLAINS,3
MO,HICKORY,3,WEST CENTRAL PLAINS,3
MO,HOLT,1,NORTHWEST PRAIRIE,2
MO,HOWARD,1,NORTHWEST PRAIRIE,2
MO,HOWELL,5,EAST OZARKS,3
MO,IRON,5,EAST OZARKS,3
MO,JACKSON,1,NORTHWEST PRAIRIE,2
MO,JASPER,4,WEST OZARKS,3
MO,JEFFERSON,5,EAST OZARKS,3
MO,JOHNSON,3,WEST CENTRAL PLAINS,3
MO,KNOX,2,NORTHEAST PRAIRIE,3
MO,LACLEDE,4,WEST OZARKS,3
MO,LAFAYETTE,1,NORTHWEST PRAIRIE,2
MO,LAWRENCE,4,WEST OZARKS,3
MO,LEWIS,2,NORTHEAST PRAIRIE,3
MO,LINCOLN,2,NORTHEAST PRAIRIE,3
MO,LINN,1,NORTHWEST PRAIRIE,2
MO,LIVINGSTON,1,NORTHWEST PRAIRIE,2
MO,MACON,2,NORTHEAST PRAIRIE,3
MO,MADISON,5,EAST OZARKS,3
MO,MARIES,5,EAST OZARKS,3
MO,MARION,2,NORTHEAST PRAIRIE,3
MO,MCDONALD,4,WEST OZARKS,3
MO,MERCER,1,NORTHWEST PRAIRIE,2
MO,MILLER,3,WEST CENTRAL PLAINS,3
MO,MISSISSIPPI,6,BOOTHEEL,3
MO,MONITEAU,3,WEST CENTRAL PLAINS,3
MO,MONROE,2,NORTHEAST PRAIRIE,3
MO,MONTGOMERY,2,NORTHEAST PRAIRIE,3
MO,MORGAN,3,WEST CENTRAL PLAINS,3
MO,NEW MADRID,6,BOOTHEEL,3
MO,NEWTON,4,WEST OZARKS,3
MO,NODAWAY,1,NORTHWEST PRAIRIE,2
MO,OREGON,5,EAST OZARKS,3
MO,OSAGE,2,NORTHEAST PRAIRIE,3
MO,OZARK,4,WEST OZARKS,3
MO,PEMISCOT,6,BOOTHEEL,3
MO,PERRY,5,EAST OZARKS,3
MO,PETTIS,3,WEST CENTRAL PLAINS,3
MO,PHELPS,5,EAST OZARKS,3
MO,PIKE,2,NORTHEAST PRAIRIE,3
MO,PLATTE,1,NORTHWEST PRAIRIE,2
MO,POLK,4,WEST OZARKS,3
MO,PULASKI,5,EAST OZARKS,3
MO,PUTNAM,1,NORTHWEST PRAIRIE,2
MO,RALLS,2,NORTHEAST PRAIRIE,3
MO,RANDOLPH,2,NORTHEAST PRAIRIE,3
MO,RAY,1,NORTHWEST PRAIRIE,2
MO,REYNOLDS,5,EAST OZARKS,3
MO,RIPLEY,5,EAST OZARKS,3
MO,SALINE,1,NORTHWEST PRAIRIE,2
MO,SCHUYLER,2,NORTHEAST PRAIRIE,3
MO,SCOTLAND,2,NORTHEAST PRAIRIE,3
MO,SCOTT,6,BOOTHEEL,3
MO,SHANNON,5,EAST OZARKS,3
MO,SHELBY,2,NORTHEAST PRAIRIE,3
MO,ST CHARLES,2,NORTHEAST PRAIRIE,3
MO,ST CLAIR,3,WEST CENTRAL PLAINS,3
MO,ST FRANCOIS,5,EAST OZARKS,3
MO,ST LOUIS,2,NORTHEAST PRAIRIE,3
MO,STE GENEVIEVE,5,EAST OZARKS,3
MO,STODDARD,6,BOOTHEEL,3
MO,STONE,4,WEST OZARKS,3
MO,SULLIVAN,1,NORTHWEST PRAIRIE,2
MO,TANEY,4,WEST OZARKS,3
MO,TEXAS,5,EAST OZARKS,3
MO,VERNON,3,WEST CENTRAL PLAINS,3
MO,WARREN,2,NORTHEAST PRAIRIE,3
MO,WASHINGTON,5,EAST OZARKS,3
MO,WAYNE,5,EAST OZARKS,3
MO,WEBSTER,4,WEST OZARKS,3
MO,WORTH,1,NORTHWEST PRAIRIE,2
MO,WRIGHT,4,WEST OZARKS,3
MS,ADAMS,7,SOUTHWEST,5
MS,ALCORN,3,NORTHEAST,4
MS,AMITE,7,SOUTHWEST,5
MS,ATTALA,5,CENTRAL,4
MS,BENTON,2,NORTH CENTRAL,4
MS,BOLIVAR,1,UPPER DELTA,5
MS,CALHOUN,2,NORTH CENTRAL,4
MS,CARROLL,4,LOWER DELTA,5
MS,CARROLL,5,CENTRAL,4
MS,CHICKASAW,6,EAST CENTRAL,4
MS,CHOCTAW,5,CENTRAL,4
MS,CLAIBORNE,7,SOUTHWEST,5
MS,CLARKE,9,SOUTHEAST,5
MS,CLAY,6,EAST CENTRAL,4
MS,COAHOMA,1,UPPER DELTA,5
MS,COPIAH,7,SOUTHWEST,5
MS,COVINGTON,8,SOUTH CENTRAL,5
MS,DE SOTO,2,NORTH CENTRAL,4
MS,FORREST,9,SOUTHEAST,5
MS,FRANKLIN,7,SOUTHWEST,5
MS,GEORGE,10,COASTAL,5
MS,GREENE,9,SOUTHEAST,5
MS,GRENADA,2,NORTH CENTRAL,4
MS,HANCOCK,10,COASTAL,5
MS,HARRISON,10,COASTAL,5
MS,HINDS,7,SOUTHWEST,5
MS,HOLMES,5,CENTRAL,4
MS,HUMPHREYS,4,LOWER DELTA,5
MS,ISSAQUENA,4,LOWER DELTA,5
MS,ITAWAMBA,3,NORTHEAST,4
MS,JACKSON,10,COASTAL,5
MS,JASPER,9,SOUTHEAST,5
MS,JEFFERSON,7,SOUTHWEST,5
MS,JEFFERSON DAVIS,8,SOUTH CENTRAL,5
MS,JONES,9,SOUTHEAST,5
MS,KEMPER,6,EAST CENTRAL,4
MS,LAFAYETTE,2,NORTH CENTRAL,4
MS,LAMAR,8,SOUTH CENTRAL,5
MS,LAUDERDALE,9,SOUTHEAST,5
MS,LAWRENCE,8,SOUTH CENTRAL,5
MS,LEAKE,5,CENTRAL,4
MS,LEE,3,NORTHEAST,4
MS,LEFLORE,4,LOWER DELTA,5
MS,LINCOLN,7,SOUTHWEST,5
MS,LOWNDES,6,EAST CENTRAL,4
MS,MADISON,5,CENTRAL,4
MS,MARION,8,SOUTH CENTRAL,5
MS,MARSHALL,2,NORTH CENTRAL,4
MS,MONROE,6,EAST CENTRAL,4
MS,MONTGOMERY,5,CENTRAL,4
MS,NESHOBA,6,EAST CENTRAL,4
MS,NEWTON,9,SOUTHEAST,5
MS,NOXUBEE,6,EAST CENTRAL,4
MS,OKTIBBEHA,6,EAST CENTRAL,4
MS,PANOLA,2,NORTH CENTRAL,4
MS,PEARL RIVER,10,COASTAL,5
MS,PERRY,9,SOUTHEAST,5
MS,PIKE,8,SOUTH CENTRAL,5
MS,PONTOTOC,3,NORTHEAST,4
MS,PRENTISS,3,NORTHEAST,4
MS,QUITMAN,1,UPPER DELTA,5
MS,RANKIN,5,CENTRAL,4
MS,SCOTT,5,CENTRAL,4
MS,SHARKEY,4,LOWER DELTA,5
MS,SIMPSON,8,SOUTH CENTRAL,5
MS,SMITH,8,SOUTH CENTRAL,5
MS,STONE,10,COASTAL,5
MS,SUNFLOWER,4,LOWER DELTA,5
MS,TALLAHATCHIE,1,UPPER DELTA,5
MS,TATE,2,NORTH CENTRAL,4
MS,TIPPAH,3,NORTHEAST,4
MS,TISHOMINGO,3,NORTHEAST,4
MS,TUNICA,1,UPPER DELTA,5
MS,UNION,3,NORTHEAST,4
MS,WALTHALL,8,SOUTH CENTRAL,5
MS,WARREN,7,SOUTHWEST,5
MS,WASHINGTON,4,LOWER DELTA,5
MS,WAYNE,9,SOUTHEAST,5
MS,WEBSTER,5,CENTRAL,4
MS,WILKINSON,7,SOUTHWEST,5
MS,WINSTON,6,EAST CENTRAL,4
MS,YALOBUSHA,2,NORTH CENTRAL,4
MS,YAZOO,4,LOWER DELTA,5
MS,YAZOO,5,CENTRAL,4
MT,BEAVERHEAD,2,SOUTHWESTERN,1
MT,BIG HORN,5,SOUTH CENTRAL,1
MT,BLAINE,3,NORTH CENTRAL,1
MT,BROADWATER,4,CENTRAL,1
MT,CARBON,5,SOUTH CENTRAL,1
MT,CARTER,7,SOUTHEASTERN,1
MT,CASCADE,4,CENTRAL,1
MT,CHOUTEAU,3,NORTH CENTRAL,1
MT,CUSTER,7,SOUTHEASTERN,1
MT,DANIELS,6,NORTHEASTERN,1
MT,DAWSON,6,NORTHEASTERN,1
MT,DEER LODGE,1,WESTERN,1
MT,FALLON,7,SOUTHEASTERN,1
MT,FERGUS,4,CENTRAL,1
MT,FLATHEAD,1,WESTERN,1
MT,GALLATIN,2,SOUTHWESTERN,1
MT,GARFIELD,6,NORTHEASTERN,1
MT,GLACIER,3,NORTH CENTRAL,1
MT,GOLDEN VALLEY,4,CENTRAL,1
MT,GRANITE,1,WESTERN,1
MT,HILL,3,NORTH CENTRAL,1
MT,JEFFERSON,2,SOUTHWESTERN,1
MT,JUDITH BASIN,4,CENTRAL,1
MT,LAKE,1,WESTERN,1
MT,LEWIS&CLARK,4,CENTRAL,1
MT,LIBERTY,3,NORTH CENTRAL,1
MT,LINCOLN,1,WESTERN,1
MT,MADISON,2,SOUTHWESTERN,1
MT,MC CONE,6,NORTHEASTERN,1
MT,MEAGHER,4,CENTRAL,1
MT,MINERAL,1,WESTERN,1
MT,MISSOULA,1,WESTERN,1
MT,MUSSELSHELL,4,CENTRAL,1
MT,PARK,5,SOUTH CENTRAL,1
MT,PETROLEUM,4,CENTRAL,1
MT,PHILLIPS,3,NORTH CENTRAL,1
MT,PONDERA,3,NORTH CENTRAL,1
MT,POWDER RIVER,7,SOUTHEASTERN,1
MT,POWELL,1,WESTERN,1
MT,PRAIRIE,7,SOUTHEASTERN,1
MT,RAVALLI,1,WESTERN,1
MT,RICHLAND,6,NORTHEASTERN,1
MT,ROOSEVELT,6,NORTHEASTERN,1
MT,ROSEBUD,7,SOUTHEASTERN,1
MT,SANDERS,1,WESTERN,1
MT,SHERIDAN,6,NORTHEASTERN,1
MT,SILVER BOW,2,SOUTHWESTERN,1
MT,STILLWATER,5,SOUTH CENTRAL,1
MT,SWEET GRASS,5,SOUTH CENTRAL,1
MT,TETON,3,NORTH CENTRAL,1
MT,TOOLE,3,NORTH CENTRAL,1
MT,TREASURE,5,SOUTH CENTRAL,1
MT,VALLEY,6,NORTHEASTERN,1
MT,WHEATLAND,4,CENTRAL,1
MT,WIBAUX,7,SOUTHEASTERN,1
MT,YELLOWSTONE,5,SOUTH CENTRAL,1
MT,YELLOWSTONE PARK,2,SOUTHWESTERN,1
NC,ALAMANCE,3,NORTHERN PIEDMONT,4
NC,ALEXANDER,4,CENTRAL PIEDMONT,4
NC,ALLEGHANY,2,NORTHERN MOUNTAINS,3
NC,ANSON,5,SOUTHERN PIEDMONT,4
NC,ASHE,2,NORTHERN MOUNTAINS,3
NC,AVERY,2,NORTHERN MOUNTAINS,3
NC,BEAUFORT,7,CENTRAL COASTAL PLAIN,4
NC,BERTIE,8,NORTHERN COASTAL PLAIN,4
NC,BLADEN,6,SOUTHERN COASTAL PLAIN,4
NC,BRUNSWICK,6,SOUTHERN COASTAL PLAIN,4
NC,BUNCOMBE,1,SOUTHERN MOUNTAINS,3
NC,BURKE,1,SOUTHERN MOUNTAINS,3
NC,CABARRUS,5,SOUTHERN PIEDMONT,4
NC,CALDWELL,2,NORTHERN MOUNTAINS,3
NC,CAMDEN,8,NORTHERN COASTAL PLAIN,4
NC,CARTERET,7,CENTRAL COASTAL PLAIN,4
NC,CASWELL,3,NORTHERN PIEDMONT,4
NC,CATAWBA,4,CENTRAL PIEDMONT,4
NC,CHATHAM,4,CENTRAL PIEDMONT,4
NC,CHEROKEE,1,SOUTHERN MOUNTAINS,3
NC,CHOWAN,8,NORTHERN COASTAL PLAIN,4
NC,CLAY,1,SOUTHERN MOUNTAINS,3
NC,CLEVELAND,5,SOUTHERN PIEDMONT,4
NC,COLUMBUS,6,SOUTHERN COASTAL PLAIN,4
NC,CRAVEN,7,CENTRAL COASTAL PLAIN,4
NC,CUMBERLAND,6,SOUTHERN COASTAL PLAIN,4
NC,CURRITUCK,8,NORTHERN COASTAL PLAIN,4
NC,DARE,8,NORTHERN COASTAL PLAIN,4
NC,DAVIDSON,4,CENTRAL PIEDMONT,4
NC,DAVIE,4,CENTRAL PIEDMONT,4
NC,DUPLIN,6,SOUTHERN COASTAL PLAIN,4
NC,DURHAM,3,NORTHERN PIEDMONT,4
NC,EDGECOMBE,8,NORTHERN COASTAL PLAIN,4
NC,FORSYTH,3,NORTHERN PIEDMONT,4
NC,FRANKLIN,3,NORTHERN PIEDMONT,4
NC,GASTON,5,SOUTHERN PIEDMONT,4
NC,GATES,8,NORTHERN COASTAL PLAIN,4
NC,GRAHAM,1,SOUTHERN MOUNTAINS,3
NC,GRANVILLE,3,NORTHERN PIEDMONT,4
NC,GREENE,7,CENTRAL COASTAL PLAIN,4
NC,GUILFORD,3,NORTHERN PIEDMONT,4
NC,HALIFAX,8,NORTHERN COASTAL PLAIN,4
NC,HARNETT,6,SOUTHERN COASTAL PLAIN,4
NC,HAYWOOD,1,SOUTHERN MOUNTAINS,3
NC,HENDERSON,1,SOUTHERN MOUNTAINS,3
NC,HERTFORD,8,NORTHERN COASTAL PLAIN,4
NC,HOKE,6,SOUTHERN COASTAL PLAIN,4
NC,HYDE,7,CENTRAL COASTAL PLAIN,4
NC,IREDELL,4,CENTRAL PIEDMONT,4
NC,JACKSON,1,SOUTHERN MOUNTAINS,3
NC,JOHNSTON,7,CENTRAL COASTAL PLAIN,4
NC,JONES,7,CENTRAL COASTAL PLAIN,4
NC,LEE,4,CENTRAL PIEDMONT,4
NC,LENOIR,7,CENTRAL COASTAL PLAIN,4
NC,LINCOLN,5,SOUTHERN PIEDMONT,4
NC,MACON,1,SOUTHERN MOUNTAINS,3
NC,MADISON,1,SOUTHERN MOUNTAINS,3
NC,MARTIN,8,NORTHERN COASTAL PLAIN,4
NC,MC DOWELL,1,SOUTHERN MOUNTAINS,3
NC,MECKLENBURG,5,SOUTHERN PIEDMONT,4
NC,MITCHELL,1,SOUTHERN MOUNTAINS,3
NC,MONTGOMERY,5,SOUTHERN PIEDMONT,4
NC,MOORE,5,SOUTHERN PIEDMONT,4
NC,NASH,8,NORTHERN COASTAL PLAIN,4
NC,NEW HANOVER,6,SOUTHERN COASTAL PLAIN,4
NC,NORTHAMPTON,8,NORTHERN COASTAL PLAIN,4
NC,ONSLOW,6,SOUTHERN COASTAL PLAIN,4
NC,ORANGE,3,NORTHERN PIEDMONT,4
NC,PAMLICO,7,CENTRAL COASTAL PLAIN,4
NC,PASQUOTANK,8,NORTHERN COASTAL PLAIN,4
NC,PENDER,6,SOUTHERN COASTAL PLAIN,4
NC,PERQUIMANS,8,NORTHERN COASTAL PLAIN,4
NC,PERSON,3,NORTHERN PIEDMONT,4
NC,PITT,7,CENTRAL COASTAL PLAIN,4
NC,POLK,1,SOUTHERN MOUNTAINS,3
NC,RANDOLPH,4,CENTRAL PIEDMONT,4
NC,RICHMOND,5,SOUTHERN PIEDMONT,4
NC,ROBESON,6,SOUTHERN COASTAL PLAIN,4
NC,ROCKINGHAM,3,NORTHERN PIEDMONT,4
NC,ROWAN,4,CENTRAL PIEDMONT,4
NC,RUTHERFORD,1,SOUTHERN MOUNTAINS,3
NC,SAMPSON,6,SOUTHERN COASTAL PLAIN,4
NC,SCOTLAND,6,SOUTHERN COASTAL PLAIN,4
NC,STANLY,5,SOUTHERN PIEDMONT,4
NC,STOKES,3,NORTHERN PIEDMONT,4
NC,SURRY,2,NORTHERN MOUNTAINS,3
NC,SWAIN,1,SOUTHERN MOUNTAINS,3
NC,TRANSYLVANIA,1,SOUTHERN MOUNTAINS,3
NC,TYRRELL,8,NORTHERN COASTAL PLAIN,4
NC,UNION,5,SOUTHERN PIEDMONT,4
NC,VANCE,3,NORTHERN PIEDMONT,4
NC,WAKE,4,CENTRAL PIEDMONT,4
NC,WARREN,3,NORTHERN PIEDMONT,4
NC,WASHINGTON,8,NORTHERN COASTAL PLAIN,4
NC,WATAUGA,2,NORTHERN MOUNTAINS,3
NC,WAYNE,7,CENTRAL COASTAL PLAIN,4
NC,WILKES,2,NORTHERN MOUNTAINS,3
NC,WILSON,7,CENTRAL COASTAL PLAIN,4
NC,YADKIN,2,NORTHERN MOUNTAINS,3
NC,YANCEY,1,SOUTHERN MOUNTAINS,3
ND,ADAMS,7,SOUTHWEST,1
ND,BARNES,6,EAST CENTRAL,1
ND,BENSON,2,NORTH CENTRAL,1
ND,BILLINGS,7,SOUTHWEST,1
ND,BOTTINEAU,2,NORTH CENTRAL,1
ND,BOWMAN,7,SOUTHWEST,1
ND,BURKE,1,NORTHWEST,1
ND,BURLEIGH,8,SOUTH CENTRAL,1
ND,CASS,6,EAST CENTRAL,1
ND,CAVALIER,3,NORTHEAST,1
ND,DICKEY,9,SOUTHEAST,1
ND,DIVIDE,1,NORTHWEST,1
ND,DUNN,4,WEST CENTRAL,1
ND,EDDY,5,CENTRAL,1
ND,EMMONS,8,SOUTH CENTRAL,1
ND,FOSTER,5,CENTRAL,1
ND,GOLDEN VALLEY,7,SOUTHWEST,1
ND,GRAND FORKS,3,NORTHEAST,1
ND,GRANT,8,SOUTH CENTRAL,1
ND,GRIGGS,6,EAST CENTRAL,1
ND,HETTINGER,7,SOUTHWEST,1
ND,KIDDER,5,CENTRAL,1
ND,LA MOURE,9,SOUTHEAST,1
ND,LOGAN,9,SOUTHEAST,1
ND,MCHENRY,2,NORTH CENTRAL,1
ND,MCINTOSH,9,SOUTHEAST,1
ND,MCKENZIE,4,WEST CENTRAL,1
ND,MCLEAN,4,WEST CENTRAL,1
ND,MERCER,4,WEST CENTRAL,1
ND,MORTON,8,SOUTH CENTRAL,1
ND,MOUNTRAIL,1,NORTHWEST,1
ND,NELSON,3,NORTHEAST,1
ND,OLIVER,4,WEST CENTRAL,1
ND,PEMBINA,3,NORTHEAST,1
ND,PIERCE,2,NORTH CENTRAL,1
ND,RAMSEY,3,NORTHEAST,1
ND,RANSOM,9,SOUTHEAST,1
ND,RENVILLE,1,NORTHWEST,1
ND,RICHLAND,9,SOUTHEAST,1
ND,ROLETTE,2,NORTH CENTRAL,1
ND,SARGENT,9,SOUTHEAST,1
ND,SHERIDAN,5,CENTRAL,1
ND,SIOUX,8,SOUTH CENTRAL,1
ND,SLOPE,7,SOUTHWEST,1
ND,STARK,7,SOUTHWEST,1
ND,STEELE,6,EAST CENTRAL,1
ND,STUTSMAN,5,CENTRAL,1
ND,TOWNER,3,NORTHEAST,1
ND,TRAILL,6,EAST CENTRAL,1
ND,WALSH,3,NORTHEAST,1
ND,WARD,1,NORTHWEST,1
ND,WELLS,5,CENTRAL,1
ND,WILLIAMS,1,NORTHWEST,1
NE,ADAMS,8,SOUTH CENTRAL,2
NE,ANTELOPE,3,NORTHEAST,2
NE,ARTHUR,2,NORTH CENTRAL,1
NE,BANNER,1,PANHANDLE,1
NE,BLAINE,2,NORTH CENTRAL,1
NE,BOONE,3,NORTHEAST,2
NE,BOX BUTTE,1,PANHANDLE,1
NE,BOYD,2,NORTH CENTRAL,1
NE,BROWN,2,NORTH CENTRAL,1
NE,BUFFALO,5,CENTRAL,2
NE,BURT,3,NORTHEAST,2
NE,BUTLER,6,EAST CENTRAL,2
NE,CASS,6,EAST CENTRAL,2
NE,CEDAR,3,NORTHEAST,2
NE,CHASE,7,SOUTHWEST,2
NE,CHERRY,2,NORTH CENTRAL,1
NE,CHEYENNE,1,PANHANDLE,1
NE,CLAY,9,SOUTHEAST,2
NE,COLFAX,6,EAST CENTRAL,2
NE,CUMING,3,NORTHEAST,2
NE,CUSTER,5,CENTRAL,2
NE,DAKOTA,3,NORTHEAST,2
NE,DAWES,1,PANHANDLE,1
NE,DAWSON,5,CENTRAL,2
NE,DEUEL,1,PANHANDLE,1
NE,DIXON,3,NORTHEAST,2
NE,DODGE,6,EAST CENTRAL,2
NE,DOUGLAS,6,EAST CENTRAL,2
NE,DUNDY,7,SOUTHWEST,2
NE,FILLMORE,9,SOUTHEAST,2
NE,FRANKLIN,8,SOUTH CENTRAL,2
NE,FRONTIER,7,SOUTHWEST,2
NE,FURNAS,8,SOUTH CENTRAL,2
NE,GAGE,9,SOUTHEAST,2
NE,GARDEN,1,PANHANDLE,1
NE,GARFIELD,2,NORTH CENTRAL,1
NE,GOSPER,8,SOUTH CENTRAL,2
NE,GRANT,2,NORTH CENTRAL,1
NE,GREELEY,5,CENTRAL,2
NE,HALL,5,CENTRAL,2
NE,HAMILTON,6,EAST CENTRAL,2
NE,HARLAN,8,SOUTH CENTRAL,2
NE,HAYES,7,SOUTHWEST,2
NE,HITCHCOCK,7,SOUTHWEST,2
NE,HOLT,2,NORTH CENTRAL,1
NE,HOOKER,2,NORTH CENTRAL,1
NE,HOWARD,5,CENTRAL,2
NE,JEFFERSON,9,SOUTHEAST,2
NE,JOHNSON,9,SOUTHEAST,2
NE,KEARNEY,8,SOUTH CENTRAL,2
NE,KEITH,7,SOUTHWEST,2
NE,KEYA PAHA,2,NORTH CENTRAL,1
NE,KIMBALL,1,PANHANDLE,1
NE,KNOX,3,NORTHEAST,2
NE,LANCASTER,6,EAST CENTRAL,2
NE,LINCOLN,7,SOUTHWEST,2
NE,LOGAN,2,NORTH CENTRAL,1
NE,LOUP,2,NORTH CENTRAL,1
NE,MADISON,3,NORTHEAST,2
NE,MC PHERSON,2,NORTH CENTRAL,1
NE,MERRICK,6,EAST CENTRAL,2
NE,MORRILL,1,PANHANDLE,1
NE,NANCE,6,EAST CENTRAL,2
NE,NEMAHA,9,SOUTHEAST,2
NE,NUCKOLLS,9,SOUTHEAST,2
NE,OTOE,9,SOUTHEAST,2
NE,PAWNEE,9,SOUTHEAST,2
NE,PERKINS,7,SOUTHWEST,2
NE,PHELPS,8,SOUTH CENTRAL,2
NE,PIERCE,3,NORTHEAST,2
NE,PLATTE,6,EAST CENTRAL,2
NE,POLK,6,EAST CENTRAL,2
NE,RED WILLOW,7,SOUTHWEST,2
NE,RICHARDSON,9,SOUTHEAST,2
NE,ROCK,2,NORTH CENTRAL,1
NE,SALINE,9,SOUTHEAST,2
NE,SARPY,6,EAST CENTRAL,2
NE,SAUNDERS,6,EAST CENTRAL,2
NE,SCOTTS BLUFF,1,PANHANDLE,1
NE,SEWARD,6,EAST CENTRAL,2
NE,SHERIDAN,1,PANHANDLE,1
NE,SHERMAN,5,CENTRAL,2
NE,SIOUX,1,PANHANDLE,1
NE,STANTON,3,NORTHEAST,2
NE,THAYER,9,SOUTHEAST,2
NE,THOMAS,2,NORTH CENTRAL,1
NE,THURSTON,3,NORTHEAST,2
NE,VALLEY,5,CENTRAL,2
NE,WASHINGTON,6,EAST CENTRAL,2
NE,WAYNE,3,NORTHEAST,2
NE,WEBSTER,8,SOUTH CENTRAL,2
NE,WHEELER,2,NORTH CENTRAL,1
NE,YORK,6,EAST CENTRAL,2
NH,BELKNAP,2,SOUTHERN,1
NH,CARROLL,2,SOUTHERN,1
NH,CHESHIRE,2,SOUTHERN,1
NH,COOS,1,NORTHERN,1
NH,COOS,2,SOUTHERN,1
NH,GRAFTON,1,NORTHERN,1
NH,GRAFTON,2,SOUTHERN,1
NH,HILLSBOROUGH,2,SOUTHERN,1
NH,MERRIMACK,2,SOUTHERN,1
NH,ROCKINGHAM,2,SOUTHERN,1
NH,STRAFFORD,2,SOUTHERN,1
NH,SULLIVAN,2,SOUTHERN,1
NJ,ATLANTIC,2,SOUTHERN,3
NJ,ATLANTIC,3,COASTAL,3
NJ,BERGEN,1,NORTHERN,2
NJ,BURLINGTON,2,SOUTHERN,3
NJ,CAMDEN,2,SOUTHERN,3
NJ,CAPE MAY,2,SOUTHERN,3
NJ,CAPE MAY,3,COASTAL,3
NJ,CUMBERLAND,2,SOUTHERN,3
NJ,ESSEX,1,NORTHERN,2
NJ,GLOUCESTER,2,SOUTHERN,3
NJ,HUDSON,1,NORTHERN,2
NJ,HUNTERDON,1,NORTHERN,2
NJ,MERCER,2,SOUTHERN,3
NJ,MIDDLESEX,2,SOUTHERN,3
NJ,MONMOUTH,2,SOUTHERN,3
NJ,MONMOUTH,3,COASTAL,3
NJ,MORRIS,1,NORTHERN,2
NJ,OCEAN,2,SOUTHERN,3
NJ,OCEAN,3,COASTAL,3
NJ,PASSAIC,1,NORTHERN,2
NJ,SALEM,2,SOUTHERN,3
NJ,SOMERSET,1,NORTHERN,2
NJ,SUSSEX,1,NORTHERN,2
NJ,UNION,1,NORTHERN,2
NJ,WARREN,1,NORTHERN,2
NM,BERNALILLO,5,CENTRAL VALLEY,3
NM,BERNALILLO,6,CENTRAL HIGHLANDS,2
NM,CATRON,4,SOUTHWESTERN MOUNTAINS,2
NM,CATRON,8,SOUTHERN DESERT,4
NM,CHAVES,7,SOUTHEAST PLAINS,4
NM,COLFAX,2,NORTHERN MOUNTAINS,2
NM,COLFAX,3,NORTHEAST PLAINS,3
NM,CURRY,3,NORTHEAST PLAINS,3
NM,DE BACA,7,SOUTHEAST PLAINS,4
NM,DONA ANA,5,CENTRAL VALLEY,3
NM,DONA ANA,8,SOUTHERN DESERT,4
NM,EDDY,7,SOUTHEAST PLAINS,4
NM,GRANT,4,SOUTHWESTERN MOUNTAINS,2
NM,GRANT,8,SOUTHERN DESERT,4
NM,GUADALUPE,3,NORTHEAST PLAINS,3
NM,GUADALUPE,7,SOUTHEAST PLAINS,4
NM,HARDING,3,NORTHEAST PLAINS,3
NM,HIDALGO,8,SOUTHERN DESERT,4
NM,LEA,7,SOUTHEAST PLAINS,4
NM,LINCOLN,5,CENTRAL VALLEY,3
NM,LINCOLN,6,CENTRAL HIGHLANDS,2
NM,LINCOLN,7,SOUTHEAST PLAINS,4
NM,LOS ALAMOS,2,NORTHERN MOUNTAINS,2
NM,LUNA,8,SOUTHERN DESERT,4
NM,MC KINLEY,1,NORTHWEST PLATEAU,2
NM,MC KINLEY,2,NORTHERN MOUNTAINS,2
NM,MC KINLEY,4,SOUTHWESTERN MOUNTAINS,2
NM,MORA,2,NORTHERN MOUNTAINS,2
NM,OTERO,6,CENTRAL HIGHLANDS,2
NM,OTERO,7,SOUTHEAST PLAINS,4
NM,OTERO,8,SOUTHERN DESERT,4
NM,QUAY,3,NORTHEAST PLAINS,3
NM,RIO ARRIBA,1,NORTHWEST PLATEAU,2
NM,RIO ARRIBA,2,NORTHERN MOUNTAINS,2
NM,ROOSEVELT,3,NORTHEAST PLAINS,3
NM,SAN JUAN,1,NORTHWEST PLATEAU,2
NM,SAN MIGUEL,2,NORTHERN MOUNTAINS,2
NM,SAN MIGUEL,3,NORTHEAST PLAINS,3
NM,SAN MIGUEL,6,CENTRAL HIGHLANDS,2
NM,SAN MIGUEL,7,SOUTHEAST PLAINS,4
NM,SANDOVAL,1,NORTHWEST PLATEAU,2
NM,SANDOVAL,2,NORTHERN MOUNTAINS,2
NM,SANDOVAL,5,CENTRAL VALLEY,3
NM,SANTA FE,2,NORTHERN MOUNTAINS,2
NM,SANTA FE,6,CENTRAL HIGHLANDS,2
NM,SIERRA,4,SOUTHWESTERN MOUNTAINS,2
NM,SIERRA,5,CENTRAL VALLEY,3
NM,SIERRA,8,SOUTHERN DESERT,4
NM,SOCORRO,4,SOUTHWESTERN MOUNTAINS,2
NM,SOCORRO,5,CENTRAL VALLEY,3
NM,SOCORRO,6,CENTRAL HIGHLANDS,2
NM,TAOS,2,NORTHERN MOUNTAINS,2
NM,TORRANCE,6,CENTRAL HIGHLANDS,2
NM,UNION,2,NORTHERN MOUNTAINS,2
NM,UNION,3,NORTHEAST PLAINS,3
NM,VALENCIA,1,NORTHWEST PLATEAU,2
NM,VALENCIA,4,SOUTHWESTERN MOUNTAINS,2
NM,VALENCIA,5,CENTRAL VALLEY,3
NV,CHURCHILL,1,NORTHWESTERN,2
NV,CLARK,3,SOUTH CENTRAL,2
NV,CLARK,4,EXTREME SOUTHERN,5
NV,DOUGLAS,1,NORTHWESTERN,2
NV,ELKO,2,NORTHEASTERN,1
NV,ESMERALDA,3,SOUTH CENTRAL,2
NV,EUREKA,2,NORTHEASTERN,1
NV,HUMBOLDT,1,NORTHWESTERN,2
NV,LANDER,2,NORTHEASTERN,1
NV,LINCOLN,3,SOUTH CENTRAL,2
NV,LINCOLN,4,EXTREME SOUTHERN,5
NV,LYON,1,NORTHWESTERN,2
NV,MINERAL,3,SOUTH CENTRAL,2
NV,NYE,3,SOUTH CENTRAL,2
NV,NYE,4,EXTREME SOUTHERN,5
NV,ORMSBY,1,NORTHWESTERN,2
NV,PERSHING,1,NORTHWESTERN,2
NV,STOREY,1,NORTHWESTERN,2
NV,WASHOE,1,NORTHWESTERN,2
NV,WHITE PINE,2,NORTHEASTERN,1
NY,ALBANY,2,EASTERN PLATEAU,1
NY,ALBANY,5,HUDSON VALLEY,2
NY,ALLEGANY,1,WESTERN PLATEAU,1
NY,BRONX,4,COASTAL,3
NY,BROOME,2,EASTERN PLATEAU,1
NY,CATTARAUGUS,1,WESTERN PLATEAU,1
NY,CAYUGA,9,GREAT LAKES,1
NY,CAYUGA,10,CENTRAL LAKES,1
NY,CHAUTAUQUA,9,GREAT LAKES,1
NY,CHEMUNG,1,WESTERN PLATEAU,1
NY,CHENANGO,2,EASTERN PLATEAU,1
NY,CLINTON,7,CHAMPLAIN VALLEY,1
NY,COLUMBIA,5,HUDSON VALLEY,2
NY,CORTLAND,2,EASTERN PLATEAU,1
NY,DELAWARE,2,EASTERN PLATEAU,1
NY,DUTCHESS,5,HUDSON VALLEY,2
NY,ERIE,9,GREAT LAKES,1
NY,ESSEX,3,NORTHERN PLATEAU,1
NY,ESSEX,7,CHAMPLAIN VALLEY,1
NY,FRANKLIN,3,NORTHERN PLATEAU,1
NY,FRANKLIN,8,ST LAWRENCE VALLEY,1
NY,FULTON,6,MOHAWK VALLEY,1
NY,GENESEE,9,GREAT LAKES,1
NY,GREENE,2,EASTERN PLATEAU,1
NY,GREENE,5,HUDSON VALLEY,2
NY,HAMILTON,3,NORTHERN PLATEAU,1
NY,HERKIMER,3,NORTHERN PLATEAU,1
NY,HERKIMER,6,MOHAWK VALLEY,1
NY,JEFFERSON,8,ST LAWRENCE VALLEY,1
NY,JEFFERSON,9,GREAT LAKES,1
NY,KINGS,4,COASTAL,3
NY,LEWIS,3,NORTHERN PLATEAU,1
NY,LIVINGSTON,10,CENTRAL LAKES,1
NY,MADISON,2,EASTERN PLATEAU,1
NY,MONROE,9,GREAT LAKES,1
NY,MONTGOMERY,6,MOHAWK VALLEY,1
NY,NASSAU,4,COASTAL,3
NY,NEW YORK,4,COASTAL,3
NY,NIAGARA,9,GREAT LAKES,1
NY,ONEIDA,3,NORTHERN PLATEAU,1
NY,ONEIDA,6,MOHAWK VALLEY,1
NY,ONONDAGA,10,CENTRAL LAKES,1
NY,ONTARIO,10,CENTRAL LAKES,1
NY,ORANGE,2,EASTERN PLATEAU,1
NY,ORANGE,5,HUDSON VALLEY,2
NY,ORLEANS,9,GREAT LAKES,1
NY,OSWEGO,9,GREAT LAKES,1
NY,OTSEGO,2,EASTERN PLATEAU,1
NY,PUTNAM,5,HUDSON VALLEY,2
NY,QUEENS,4,COASTAL,3
NY,RENSSELAER,5,HUDSON VALLEY,2
NY,RICHMOND,4,COASTAL,3
NY,ROCKLAND,5,HUDSON VALLEY,2
NY,SARATOGA,5,HUDSON VALLEY,2
NY,SCHENECTADY,2,EASTERN PLATEAU,1
NY,SCHENECTADY,5,HUDSON VALLEY,2
NY,SCHOHARIE,2,EASTERN PLATEAU,1
NY,SCHUYLER,10,CENTRAL LAKES,1
NY,SENECA,10,CENTRAL LAKES,1
NY,ST LAWRENCE,3,NORTHERN PLATEAU,1
NY,ST LAWRENCE,8,ST LAWRENCE VALLEY,1
NY,STEUBEN,1,WESTERN PLATEAU,1
NY,SUFFOLK,4,COASTAL,3
NY,SULLIVAN,2,EASTERN PLATEAU,1
NY,TIOGA,2,EASTERN PLATEAU,1
NY,TOMPKINS,10,CENTRAL LAKES,1
NY,ULSTER,2,EASTERN PLATEAU,1
NY,ULSTER,5,HUDSON VALLEY,2
NY,WARREN,3,NORTHERN PLATEAU,1
NY,WARREN,5,HUDSON VALLEY,2
NY,WARREN,7,CHAMPLAIN VALLEY,1
NY,WASHINGTON,5,HUDSON VALLEY,2
NY,WASHINGTON,7,CHAMPLAIN VALLEY,1
NY,WAYNE,9,GREAT LAKES,1
NY,WESTCHESTER,4,COASTAL,3
NY,WESTCHESTER,5,HUDSON VALLEY,2
NY,WYOMING,10,CENTRAL LAKES,1
NY,YATES,10,CENTRAL LAKES,1
OH,ADAMS,9,SOUTH CENTRAL,3
OH,ALLEN,1,NORTHWEST,2
OH,ASHLAND,6,CENTRAL HILLS,2
OH,ASHTABULA,3,NORTHEAST,2
OH,ATHENS,10,SOUTHEAST,2
OH,AUGLAIZE,4,WEST CENTRAL,2
OH,BELMONT,10,SOUTHEAST,2
OH,BROWN,8,SOUTHWEST,3
OH,BUTLER,8,SOUTHWEST,3
OH,CARROLL,7,NORTHEAST HILLS,2
OH,CHAMPAIGN,4,WEST CENTRAL,2
OH,CLARK,4,WEST CENTRAL,2
OH,CLERMONT,8,SOUTHWEST,3
OH,CLINTON,8,SOUTHWEST,3
OH,COLUMBIANA,7,NORTHEAST HILLS,2
OH,COSHOCTON,6,CENTRAL HILLS,2
OH,CRAWFORD,2,NORTH CENTRAL,2
OH,CUYAHOGA,3,NORTHEAST,2
OH,DARKE,4,WEST CENTRAL,2
OH,DEFIANCE,1,NORTHWEST,2
OH,DELAWARE,5,CENTRAL,2
OH,ERIE,2,NORTH CENTRAL,2
OH,FAIRFIELD,5,CENTRAL,2
OH,FAYETTE,5,CENTRAL,2
OH,FRANKLIN,5,CENTRAL,2
OH,FULTON,1,NORTHWEST,2
OH,GALLIA,9,SOUTH CENTRAL,3
OH,GEAUGA,3,NORTHEAST,2
OH,GREENE,8,SOUTHWEST,3
OH,GUERNSEY,10,SOUTHEAST,2
OH,HAMILTON,8,SOUTHWEST,3
OH,HANCOCK,1,NORTHWEST,2
OH,HARDIN,4,WEST CENTRAL,2
OH,HARRISON,7,NORTHEAST HILLS,2
OH,HENRY,1,NORTHWEST,2
OH,HIGHLAND,8,SOUTHWEST,3
OH,HOCKING,10,SOUTHEAST,2
OH,HOLMES,6,CENTRAL HILLS,2
OH,HURON,2,NORTH CENTRAL,2
OH,JACKSON,9,SOUTH CENTRAL,3
OH,JEFFERSON,7,NORTHEAST HILLS,2
OH,KNOX,6,CENTRAL HILLS,2
OH,LAKE,3,NORTHEAST,2
OH,LAWRENCE,9,SOUTH CENTRAL,3
OH,LICKING,5,CENTRAL,2
OH,LOGAN,4,WEST CENTRAL,2
OH,LORAIN,2,NORTH CENTRAL,2
OH,LUCAS,1,NORTHWEST,2
OH,MADISON,5,CENTRAL,2
OH,MAHONING,7,NORTHEAST HILLS,2
OH,MARION,5,CENTRAL,2
OH,MEDINA,3,NORTHEAST,2
OH,MEIGS,9,SOUTH CENTRAL,3
OH,MERCER,4,WEST CENTRAL,2
OH,MIAMI,4,WEST CENTRAL,2
OH,MONROE,10,SOUTHEAST,2
OH,MONTGOMERY,8,SOUTHWEST,3
OH,MORGAN,10,SOUTHEAST,2
OH,MORROW,5,CENTRAL,2
OH,MUSKINGUM,10,SOUTHEAST,2
OH,NOBLE,10,SOUTHEAST,2
OH,OTTAWA,2,NORTH CENTRAL,2
OH,PAULDING,1,NORTHWEST,2
OH,PERRY,10,SOUTHEAST,2
OH,PICKAWAY,5,CENTRAL,2
OH,PIKE,9,SOUTH CENTRAL,3
OH,PORTAGE,3,NORTHEAST,2
OH,PREBLE,8,SOUTHWEST,3
OH,PUTNAM,1,NORTHWEST,2
OH,RICHLAND,6,CENTRAL HILLS,2
OH,ROSS,9,SOUTH CENTRAL,3
OH,SANDUSKY,2,NORTH CENTRAL,2
OH,SCIOTO,9,SOUTH CENTRAL,3
OH,SENECA,2,NORTH CENTRAL,2
OH,SHELBY,4,WEST CENTRAL,2
OH,STARK,7,NORTHEAST HILLS,2
OH,SUMMIT,3,NORTHEAST,2
OH,TRUMBULL,3,NORTHEAST,2
OH,TUSCARAWAS,7,NORTHEAST HILLS,2
OH,UNION,5,CENTRAL,2
OH,VAN WERT,1,NORTHWEST,2
OH,VINTON,10,SOUTHEAST,2
OH,WARREN,8,SOUTHWEST,3
OH,WASHINGTON,10,SOUTHEAST,2
OH,WAYNE,6,CENTRAL HILLS,2
OH,WILLIAMS,1,NORTHWEST,2
OH,WOOD,1,NORTHWEST,2
OH,WYANDOT,2,NORTH CENTRAL,2
OK,ADAIR,6,EAST CENTRAL,4
OK,ALFALFA,2,NORTH CENTRAL,3
OK,ATOKA,8,SOUTH CENTRAL,5
OK,BEAVER,1,PANHANDLE,3
OK,BECKHAM,4,WEST CENTRAL,3
OK,BLAINE,4,WEST CENTRAL,3
OK,BRYAN,8,SOUTH CENTRAL,5
OK,CADDO,7,SOUTHWEST,5
OK,CANADIAN,5,CENTRAL,4
OK,CARTER,8,SOUTH CENTRAL,5
OK,CHEROKEE,6,EAST CENTRAL,4
OK,CHOCTAW,9,SOUTHEAST,4
OK,CIMARRON,1,PANHANDLE,3
OK,CLEVELAND,5,CENTRAL,4
OK,COAL,8,SOUTH CENTRAL,5
OK,COMANCHE,7,SOUTHWEST,5
OK,COTTON,7,SOUTHWEST,5
OK,CRAIG,3,NORTHEAST,4
OK,CREEK,5,CENTRAL,4
OK,CUSTER,4,WEST CENTRAL,3
OK,DELAWARE,3,NORTHEAST,4
OK,DEWEY,4,WEST CENTRAL,3
OK,ELLIS,1,PANHANDLE,3
OK,GARFIELD,2,NORTH CENTRAL,3
OK,GARVIN,8,SOUTH CENTRAL,5
OK,GRADY,5,CENTRAL,4
OK,GRANT,2,NORTH CENTRAL,3
OK,GREER,7,SOUTHWEST,5
OK,HARMON,7,SOUTHWEST,5
OK,HARPER,1,PANHANDLE,3
OK,HASKELL,6,EAST CENTRAL,4
OK,HUGHES,6,EAST CENTRAL,4
OK,JACKSON,7,SOUTHWEST,5
OK,JEFFERSON,8,SOUTH CENTRAL,5
OK,JOHNSTON,8,SOUTH CENTRAL,5
OK,KAY,2,NORTH CENTRAL,3
OK,KINGFISHER,5,CENTRAL,4
OK,KIOWA,7,SOUTHWEST,5
OK,LATIMER,9,SOUTHEAST,4
OK,LE FLORE,9,SOUTHEAST,4
OK,LINCOLN,5,CENTRAL,4
OK,LOGAN,5,CENTRAL,4
OK,LOVE,8,SOUTH CENTRAL,5
OK,MAJOR,2,NORTH CENTRAL,3
OK,MARSHALL,8,SOUTH CENTRAL,5
OK,MAYES,3,NORTHEAST,4
OK,MCCLAIN,5,CENTRAL,4
OK,MCCURTAIN,9,SOUTHEAST,4
OK,MCINTOSH,6,EAST CENTRAL,4
OK,MURRAY,8,SOUTH CENTRAL,5
OK,MUSKOGEE,6,EAST CENTRAL,4
OK,NOBLE,2,NORTH CENTRAL,3
OK,NOWATA,3,NORTHEAST,4
OK,OKFUSKEE,5,CENTRAL,4
OK,OKLAHOMA,5,CENTRAL,4
OK,OKMULGEE,6,EAST CENTRAL,4
OK,OSAGE,3,NORTHEAST,4
OK,OTTAWA,3,NORTHEAST,4
OK,PAWNEE,3,NORTHEAST,4
OK,PAYNE,5,CENTRAL,4
OK,PITTSBURG,6,EAST CENTRAL,4
OK,PONTOTOC,8,SOUTH CENTRAL,5
OK,POTTAWATOMIE,5,CENTRAL,4
OK,PUSHMATAHA,9,SOUTHEAST,4
OK,ROGER MILLS,4,WEST CENTRAL,3
OK,ROGERS,3,NORTHEAST,4
OK,SEMINOLE,5,CENTRAL,4
OK,SEQUOYAH,6,EAST CENTRAL,4
OK,STEPHENS,8,SOUTH CENTRAL,5
OK,TEXAS,1,PANHANDLE,3
OK,TILLMAN,7,SOUTHWEST,5
OK,TULSA,3,NORTHEAST,4
OK,WAGONER,3,NORTHEAST,4
OK,WASHINGTON,3,NORTHEAST,4
OK,WASHITA,4,WEST CENTRAL,3
OK,WOODS,2,NORTH CENTRAL,3
OK,WOODWARD,2,NORTH CENTRAL,3
OR,BAKER             ,8,NORTHEAST,1
OR,BENTON               ,1,COASTAL AREA,3
OR,BENTON               ,2,WILLAMETTE VALLEY,3
OR,CLACKAMAS            ,2,WILLAMETTE VALLEY,3
OR,CLACKAMAS            ,4,NORTHERN CASCADES,2
OR,CLATSOP              ,1,COASTAL AREA,3
OR,COLUMBIA             ,2,WILLAMETTE VALLEY,3
OR,COOS                 ,1,COASTAL AREA,3
OR,CROOK                ,7,SOUTH CENTRAL,2
OR,CURRY                ,1,COASTAL AREA,3
OR,DESCHUTES            ,4,NORTHERN CASCADES,2
OR,DESCHUTES            ,5,HIGH PLATEAU,1
OR,DESCHUTES            ,7,SOUTH CENTRAL,2
OR,DOUGLAS              ,1,COASTAL AREA,3
OR,DOUGLAS              ,3,SOUTHWESTERN VALLEYS,3
OR,GILLIAM              ,6,NORTH CENTRAL,2
OR,GRANT                ,7,SOUTH CENTRAL,2
OR,GRANT                ,8,NORTHEAST,1
OR,HARNEY               ,7,SOUTH CENTRAL,2
OR,HOOD RIVER           ,4,NORTHERN CASCADES,2
OR,HOOD RIVER           ,6,NORTH CENTRAL,2
OR,JACKSON              ,3,SOUTHWESTERN VALLEYS,3
OR,JEFFERSON            ,7,SOUTH CENTRAL,2
OR,JOSEPHINE            ,3,SOUTHWESTERN VALLEYS,3
OR,KLAMATH              ,5,HIGH PLATEAU,1
OR,KLAMATH              ,7,SOUTH CENTRAL,2
OR,LAKE                 ,5,HIGH PLATEAU,1
OR,LAKE                 ,7,SOUTH CENTRAL,2
OR,LANE                 ,1,COASTAL AREA,3
OR,LANE                 ,2,WILLAMETTE VALLEY,3
OR,LANE                 ,3,SOUTHWESTERN VALLEYS,3
OR,LANE                 ,4,NORTHERN CASCADES,2
OR,LINCOLN              ,1,COASTAL AREA,3
OR,LINN                 ,2,WILLAMETTE VALLEY,3
OR,LINN                 ,4,NORTHERN CASCADES,2
OR,MALHEUR              ,9,SOUTHEAST,2
OR,MARION               ,2,WILLAMETTE VALLEY,3
OR,MARION               ,4,NORTHERN CASCADES,2
OR,MORROW               ,6,NORTH CENTRAL,2
OR,MORROW               ,8,NORTHEAST,1
OR,MULTNOMAH            ,2,WILLAMETTE VALLEY,3
OR,POLK                 ,1,COASTAL AREA,3
OR,POLK                 ,2,WILLAMETTE VALLEY,3
OR,SHERMAN              ,6,NORTH CENTRAL,2
OR,TILLAMOOK            ,1,COASTAL AREA,3
OR,UMATILLA             ,6,NORTH CENTRAL,2
OR,UMATILLA             ,8,NORTHEAST,1
OR,UNION                ,8,NORTHEAST,1
OR,WALLOWA              ,8,NORTHEAST,1
OR,WASCO                ,6,NORTH CENTRAL,2
OR,WASHINGTON           ,1,COASTAL AREA,3
OR,WASHINGTON           ,2,WILLAMETTE VALLEY,3
OR,WHEELER              ,7,SOUTH CENTRAL,2
OR,YAMHILL              ,2,WILLAMETTE VALLEY,3
PA,ADAMS,4,LOWER SUSQUEHANNA,2
PA,ALLEGHENY,9,SOUTHWEST PLATEAU,2
PA,ARMSTRONG,9,SOUTHWEST PLATEAU,2
PA,BEAVER,9,SOUTHWEST PLATEAU,2
PA,BEDFORD,8,SOUTH CENTRAL MOUNTAINS,2
PA,BERKS,3,SOUTHEASTERN PIEDMONT,3
PA,BLAIR,8,SOUTH CENTRAL MOUNTAINS,2
PA,BRADFORD,6,UPPER SUSQUEHANNA,1
PA,BUCKS,3,SOUTHEASTERN PIEDMONT,3
PA,BUTLER,9,SOUTHWEST PLATEAU,2
PA,CAMBRIA,8,SOUTH CENTRAL MOUNTAINS,2
PA,CAMERON,7,CENTRAL MOUNTAINS,2
PA,CARBON,2,EAST CENTRAL MOUNTAINS,2
PA,CENTRE,7,CENTRAL MOUNTAINS,2
PA,CHESTER,3,SOUTHEASTERN PIEDMONT,3
PA,CLARION,10,NORTHWEST PLATEAU,1
PA,CLEARFIELD,7,CENTRAL MOUNTAINS,2
PA,CLINTON,7,CENTRAL MOUNTAINS,2
PA,COLUMBIA,5,MIDDLE SUSQUEHANNA,2
PA,CRAWFORD,10,NORTHWEST,1
PA,CUMBERLAND,4,LOWER SUSQUEHANNA,2
PA,DAUPHIN,5,MIDDLE SUSQUEHANNA,2
PA,DELAWARE,3,SOUTHEASTERN PIEDMONT,3
PA,ELK,7,CENTRAL MOUNTAINS,2
PA,ERIE,10,NORTHWEST,1
PA,FAYETTE,9,SOUTHWEST PLATEAU,2
PA,FOREST,10,NORTHWEST,1
PA,FRANKLIN,4,LOWER SUSQUEHANNA,2
PA,FULTON,8,SOUTH CENTRAL MOUNTAINS,2
PA,GREENE,9,SOUTHWEST PLATEAU,2
PA,HUNTINGDON,8,SOUTH CENTRAL MOUNTAINS,2
PA,INDIANA,9,SOUTHWEST PLATEAU,2
PA,JEFFERSON,10,NORTHWEST,1
PA,JUNIATA,5,MIDDLE SUSQUEHANNA,2
PA,LACKAWANNA,1,POCONO MOUNTAINS,2
PA,LANCASTER,3,SOUTHEASTERN PIEDMONT,3
PA,LAWRENCE,9,SOUTHWEST PLATEAU,2
PA,LEBANON,3,SOUTHEASTERN PIEDMONT,3
PA,LEHIGH,2,EAST CENTRAL MOUNTAINS,2
PA,LUZERNE,1,POCONO MOUNTAINS,2
PA,LYCOMING,5,MIDDLE SUSQUEHANNA,2
PA,MCKEAN,10,NORTHWEST,1
PA,MERCER,10,NORTHWEST,1
PA,MIFFLIN,5,MIDDLE SUSQUEHANNA,2
PA,MONROE,1,POCONO MOUNTAINS,2
PA,MONTGOMERY,3,SOUTHEASTERN PIEDMONT,3
PA,MONTOUR,5,MIDDLE SUSQUEHANNA,2
PA,NORTHAMPTON,2,EAST CENTRAL MOUNTAINS,2
PA,NORTHUMBERLAND,5,MIDDLE SUSQUEHANNA,2
PA,PERRY,5,MIDDLE SUSQUEHANNA,2
PA,PHILADELPHIA,3,SOUTHEASTERN PIEDMONT,3
PA,PIKE,1,POCONO MOUNTAINS,2
PA,POTTER,10,NORTHWEST,1
PA,SCHUYLKILL,2,EAST CENTRAL MOUNTAINS,2
PA,SNYDER,5,MIDDLE SUSQUEHANNA,2
PA,SOMERSET,9,SOUTHWEST PLATEAU,2
PA,SULLIVAN,6,UPPER SUSQUEHANNA,1
PA,SUSQUEHANNA,6,UPPER SUSQUEHANNA,1
PA,TIOGA,6,UPPER SUSQUEHANNA,1
PA,UNION,5,MIDDLE SUSQUEHANNA,2
PA,VENANGO,10,NORTHWEST,1
PA,WARREN,10,NORTHWEST,1
PA,WASHINGTON,9,SOUTHWEST PLATEAU,2
PA,WAYNE,1,POCONO MOUNTAINS,2
PA,WESTMORELAND,9,SOUTHWEST PLATEAU,2
PA,WYOMING,6,UPPER SUSQUEHANNA,1
PA,YORK,4,LOWER SUSQUEHANNA,2
RI,BRISTOL,1,RHODE ISLAND,2
RI,KENT,1,RHODE ISLAND,2
RI,NEWPORT,1,RHODE ISLAND,2
RI,PROVIDENCE,1,RHODE ISLAND,2
RI,WASHINGTON,1,RHODE ISLAND,2
SC,ABBEVILLE,5,WEST CENTRAL,4
SC,AIKEN,5,WEST CENTRAL,4
SC,ALLENDALE,7,SOUTHERN,5
SC,ANDERSON,2,NORTHWEST,4
SC,BAMBERG,7,SOUTHERN,5
SC,BARNWELL,7,SOUTHERN,5
SC,BEAUFORT,7,SOUTHERN,5
SC,BERKELEY,7,SOUTHERN,5
SC,CALHOUN,6,CENTRAL,4
SC,CHARLESTON,7,SOUTHERN,5
SC,CHEROKEE,2,NORTHWEST,4
SC,CHESTER,3,NORTH CENTRAL,4
SC,CHESTERFIELD,4,NORTHEAST,4
SC,CLARENDON,6,CENTRAL,4
SC,COLLETON,7,SOUTHERN,5
SC,DARLINGTON,4,NORTHEAST,4
SC,DILLON,4,NORTHEAST,4
SC,DORCHESTER,7,SOUTHERN,5
SC,EDGEFIELD,5,WEST CENTRAL,4
SC,FAIRFIELD,3,NORTH CENTRAL,4
SC,FLORENCE,4,NORTHEAST,4
SC,GEORGETOWN,4,NORTHEAST,4
SC,GREENVILLE,1,MOUNTAIN,3
SC,GREENVILLE,2,NORTHWEST,4
SC,GREENWOOD,5,WEST CENTRAL,4
SC,HAMPTON,7,SOUTHERN,5
SC,HORRY,4,NORTHEAST,4
SC,JASPER,7,SOUTHERN,5
SC,KERSHAW,3,NORTH CENTRAL,4
SC,LANCASTER,3,NORTH CENTRAL,4
SC,LAURENS,2,NORTHWEST,4
SC,LEE,6,CENTRAL,4
SC,LEXINGTON,6,CENTRAL,4
SC,MARION,4,NORTHEAST,4
SC,MARLBORO,4,NORTHEAST,4
SC,MC CORMICK,5,WEST CENTRAL,4
SC,NEWBERRY,5,WEST CENTRAL,4
SC,OCONEE,1,MOUNTAIN,3
SC,OCONEE,2,NORTHWEST,4
SC,ORANGEBURG,6,CENTRAL,4
SC,PICKENS,2,NORTHWEST,4
SC,RICHLAND,6,CENTRAL,4
SC,SALUDA,5,WEST CENTRAL,4
SC,SPARTANBURG,2,NORTHWEST,4
SC,SUMTER,6,CENTRAL,4
SC,UNION,2,NORTHWEST,4
SC,WILLIAMSBURG,4,NORTHEAST,4
SC,YORK,3,NORTH CENTRAL,4
SD,AURORA,9,SOUTHEAST,1
SD,BEADLE,7,EAST CENTRAL,1
SD,BENNETT,5,SOUTHWEST,1
SD,BENNETT,8,SOUTH CENTRAL,1
SD,BON HOMME,9,SOUTHEAST,1
SD,BROOKINGS,7,EAST CENTRAL,1
SD,BROWN,3,NORTHEAST,1
SD,BRULE,6,CENTRAL,1
SD,BUFFALO,6,CENTRAL,1
SD,BUTTE,1,NORTHWEST,1
SD,CAMPBELL,2,NORTH CENTRAL,1
SD,CHARLES MIX,8,SOUTH CENTRAL,1
SD,CHARLES MIX,9,SOUTHEAST,1
SD,CLARK,7,EAST CENTRAL,1
SD,CLAY,9,SOUTHEAST,1
SD,CODINGTON,7,EAST CENTRAL,1
SD,CORSON,2,NORTH CENTRAL,1
SD,CUSTER,4,BLACK HILLS,1
SD,CUSTER,5,SOUTHWEST,1
SD,DAVISON,9,SOUTHEAST,1
SD,DAY,3,NORTHEAST,1
SD,DEUEL,7,EAST CENTRAL,1
SD,DEWEY,2,NORTH CENTRAL,1
SD,DOUGLAS,9,SOUTHEAST,1
SD,EDMUNDS,2,NORTH CENTRAL,1
SD,EDMUNDS,3,NORTHEAST,1
SD,FALL RIVER,4,BLACK HILLS,1
SD,FALL RIVER,5,SOUTHWEST,1
SD,FAULK,2,NORTH CENTRAL,1
SD,FAULK,7,EAST CENTRAL,1
SD,GRANT,3,NORTHEAST,1
SD,GREGORY,8,SOUTH CENTRAL,1
SD,GREGORY,9,SOUTHEAST,1
SD,HAAKON,1,NORTHWEST,1
SD,HAAKON,5,SOUTHWEST,1
SD,HAAKON,6,CENTRAL,1
SD,HAMLIN,7,EAST CENTRAL,1
SD,HAND,7,EAST CENTRAL,1
SD,HANSON,9,SOUTHEAST,1
SD,HARDING,1,NORTHWEST,1
SD,HUGHES,6,CENTRAL,1
SD,HUTCHINSON,9,SOUTHEAST,1
SD,HYDE,6,CENTRAL,1
SD,JACKSON,5,SOUTHWEST,1
SD,JERAULD,7,EAST CENTRAL,1
SD,JONES,6,CENTRAL,1
SD,KINGSBURY,7,EAST CENTRAL,1
SD,LAKE,7,EAST CENTRAL,1
SD,LAWRENCE,4,BLACK HILLS,1
SD,LINCOLN,9,SOUTHEAST,1
SD,LYMAN,6,CENTRAL,1
SD,MARSHALL,3,NORTHEAST,1
SD,MCCOOK,9,SOUTHEAST,1
SD,MCPHERSON,2,NORTH CENTRAL,1
SD,MCPHERSON,3,NORTHEAST,1
SD,MEADE,1,NORTHWEST,1
SD,MEADE,5,SOUTHWEST,1
SD,MELLETTE,8,SOUTH CENTRAL,1
SD,MINER,7,EAST CENTRAL,1
SD,MINNEHAHA,9,SOUTHEAST,1
SD,MOODY,7,EAST CENTRAL,1
SD,PENNINGTON,4,BLACK HILLS,1
SD,PENNINGTON,5,SOUTHWEST,1
SD,PERKINS,1,NORTHWEST,1
SD,POTTER,2,NORTH CENTRAL,1
SD,ROBERTS,3,NORTHEAST,1
SD,SANBORN,7,EAST CENTRAL,1
SD,SHANNON,5,SOUTHWEST,1
SD,SPINK,3,NORTHEAST,1
SD,SPINK,7,EAST CENTRAL,1
SD,STANLEY,6,CENTRAL,1
SD,SULLY,6,CENTRAL,1
SD,TODD,8,SOUTH CENTRAL,1
SD,TRIPP,8,SOUTH CENTRAL,1
SD,TURNER,9,SOUTHEAST,1
SD,UNION,9,SOUTHEAST,1
SD,WALWORTH,2,NORTH CENTRAL,1
SD,WASHABAUGH,5,SOUTHWEST,1
SD,YANKTON,9,SOUTHEAST,1
SD,ZIEBACH,1,NORTHWEST,1
TN,ANDERSON,1,EASTERN,3
TN,BEDFORD,3,MIDDLE,4
TN,BENTON,3,MIDDLE,4
TN,BLEDSOE,2,CUMBERLAND PLATEAU,3
TN,BLOUNT,1,EASTERN,3
TN,BRADLEY,1,EASTERN,3
TN,CAMPBELL,1,EASTERN,3
TN,CANNON,3,MIDDLE,4
TN,CARROLL,4,WESTERN,4
TN,CARTER,1,EASTERN,3
TN,CHEATHAM,3,MIDDLE,4
TN,CHESTER,4,WESTERN,4
TN,CLAIBORNE,1,EASTERN,3
TN,CLAY,3,MIDDLE,4
TN,COCKE,1,EASTERN,3
TN,COFFEE,2,CUMBERLAND PLATEAU,3
TN,CROCKETT,4,WESTERN,4
TN,CUMBERLAND,2,CUMBERLAND PLATEAU,3
TN,DAVIDSON,3,MIDDLE,4
TN,DE KALB,3,MIDDLE,4
TN,DECATUR,3,MIDDLE,4
TN,DICKSON,3,MIDDLE,4
TN,DYER,4,WESTERN,4
TN,FAYETTE,4,WESTERN,4
TN,FENTRESS,2,CUMBERLAND PLATEAU,3
TN,FRANKLIN,2,CUMBERLAND PLATEAU,3
TN,GIBSON,4,WESTERN,4
TN,GILES,3,MIDDLE,4
TN,GRAINGER,1,EASTERN,3
TN,GREENE,1,EASTERN,3
TN,GRUNDY,2,CUMBERLAND PLATEAU,3
TN,HAMBLEN,1,EASTERN,3
TN,HAMILTON,1,EASTERN,3
TN,HANCOCK,1,EASTERN,3
TN,HARDEMAN,4,WESTERN,4
TN,HARDIN,3,MIDDLE,4
TN,HAWKINS,1,EASTERN,3
TN,HAYWOOD,4,WESTERN,4
TN,HENDERSON,4,WESTERN,4
TN,HENRY,4,WESTERN,4
TN,HICKMAN,3,MIDDLE,4
TN,HOUSTON,3,MIDDLE,4
TN,HUMPHREYS,3,MIDDLE,4
TN,JACKSON,3,MIDDLE,4
TN,JEFFERSON,1,EASTERN,3
TN,JOHNSON,1,EASTERN,3
TN,KNOX,1,EASTERN,3
TN,LAKE,4,WESTERN,4
TN,LAUDERDALE,4,WESTERN,4
TN,LAWRENCE,3,MIDDLE,4
TN,LEWIS,3,MIDDLE,4
TN,LINCOLN,3,MIDDLE,4
TN,LOUDON,1,EASTERN,3
TN,MACON,3,MIDDLE,4
TN,MADISON,4,WESTERN,4
TN,MARION,2,CUMBERLAND PLATEAU,3
TN,MARSHALL,3,MIDDLE,4
TN,MAURY,3,MIDDLE,4
TN,MC MINN,1,EASTERN,3
TN,MC NAIRY,4,WESTERN,4
TN,MEIGS,1,EASTERN,3
TN,MONROE,1,EASTERN,3
TN,MONTGOMERY,3,MIDDLE,4
TN,MOORE,3,MIDDLE,4
TN,MORGAN,2,CUMBERLAND PLATEAU,3
TN,OBION,4,WESTERN,4
TN,OVERTON,2,CUMBERLAND PLATEAU,3
TN,PERRY,3,MIDDLE,4
TN,PICKETT,2,CUMBERLAND PLATEAU,3
TN,POLK,1,EASTERN,3
TN,PUTNAM,2,CUMBERLAND PLATEAU,3
TN,RHEA,1,EASTERN,3
TN,ROANE,1,EASTERN,3
TN,ROBERTSON,3,MIDDLE,4
TN,RUTHERFORD,3,MIDDLE,4
TN,SCOTT,2,CUMBERLAND PLATEAU,3
TN,SEQUATCHIE,2,CUMBERLAND PLATEAU,3
TN,SEVIER,1,EASTERN,3
TN,SHELBY,4,WESTERN,4
TN,SMITH,3,MIDDLE,4
TN,STEWART,3,MIDDLE,4
TN,SULLIVAN,1,EASTERN,3
TN,SUMNER,3,MIDDLE,4
TN,TIPTON,4,WESTERN,4
TN,TROUSDALE,3,MIDDLE,4
TN,UNICOI,1,EASTERN,3
TN,UNION,1,EASTERN,3
TN,VAN BUREN,2,CUMBERLAND PLATEAU,3
TN,WARREN,2,CUMBERLAND PLATEAU,3
TN,WASHINGTON,1,EASTERN,3
TN,WAYNE,3,MIDDLE,4
TN,WEAKLEY,4,WESTERN,4
TN,WHITE,2,CUMBERLAND PLATEAU,3
TN,WILLIAMSON,3,MIDDLE,4
TN,WILSON,3,MIDDLE,4
TX,ANDERSON,4,EAST TEXAS,5
TX,ANDREWS,1,HIGH PLAINS,4
TX,ANGELINA,4,EAST TEXAS,5
TX,ARANSAS,7,SOUTH CENTRAL,5
TX,ARCHER,3,NORTH CENTRAL,5
TX,ARMSTRONG,1,HIGH PLAINS,4
TX,ATASCOSA,9,SOUTHERN,5
TX,AUSTIN,7,SOUTH CENTRAL,5
TX,BAILEY,1,HIGH PLAINS,4
TX,BANDERA,6,EDWARDS PLATEAU,5
TX,BASTROP,7,SOUTH CENTRAL,5
TX,BAYLOR,2,LOW ROLLING PLAINS,5
TX,BEE,7,SOUTH CENTRAL,5
TX,BELL,3,NORTH CENTRAL,5
TX,BEXAR,7,SOUTH CENTRAL,5
TX,BLANCO,6,EDWARDS PLATEAU,5
TX,BORDEN,2,LOW ROLLING PLAINS,5
TX,BOSQUE,3,NORTH CENTRAL,5
TX,BOWIE,4,EAST TEXAS,5
TX,BRAZORIA,8,UPPER COAST,5
TX,BRAZOS,4,EAST TEXAS,5
TX,BREWSTER,5,TRANS PECOS,5
TX,BRISCOE,1,HIGH PLAINS,4
TX,BROOKS,9,SOUTHERN,5
TX,BROWN,2,LOW ROLLING PLAINS,5
TX,BROWN,3,NORTH CENTRAL,5
TX,BURLESON,7,SOUTH CENTRAL,5
TX,BURNET,6,EDWARDS PLATEAU,5
TX,CALDWELL,7,SOUTH CENTRAL,5
TX,CALHOUN,8,UPPER COAST,5
TX,CALLAHAN,3,NORTH CENTRAL,5
TX,CAMERON,10,LOWER VALLEY,5
TX,CAMP,4,EAST TEXAS,5
TX,CARSON,1,HIGH PLAINS,4
TX,CASS,4,EAST TEXAS,5
TX,CASTRO,1,HIGH PLAINS,4
TX,CHAMBERS,8,UPPER COAST,5
TX,CHEROKEE,4,EAST TEXAS,5
TX,CHILDRESS,2,LOW ROLLING PLAINS,5
TX,CLAY,3,NORTH CENTRAL,5
TX,COCHRAN,1,HIGH PLAINS,4
TX,COKE,6,EDWARDS PLATEAU,5
TX,COLEMAN,2,LOW ROLLING PLAINS,5
TX,COLLIN,3,NORTH CENTRAL,5
TX,COLLINSWORTH,2,LOW ROLLING PLAINS,5
TX,COLORADO,7,SOUTH CENTRAL,5
TX,COMAL,7,SOUTH CENTRAL,5
TX,COMANCHE,3,NORTH CENTRAL,5
TX,CONCHO,6,EDWARDS PLATEAU,5
TX,COOKE,3,NORTH CENTRAL,5
TX,CORYELL,3,NORTH CENTRAL,5
TX,COTTLE,2,LOW ROLLING PLAINS,5
TX,CRANE,5,TRANS PECOS,5
TX,CROCKETT,6,EDWARDS PLATEAU,5
TX,CROSBY,1,HIGH PLAINS,4
TX,CULBERSON,5,TRANS PECOS,5
TX,DALLAM,1,HIGH PLAINS,4
TX,DALLAS,3,NORTH CENTRAL,5
TX,DAWSON,1,HIGH PLAINS,4
TX,DEAF SMITH,1,HIGH PLAINS,4
TX,DELTA,3,NORTH CENTRAL,5
TX,DENTON,3,NORTH CENTRAL,5
TX,DEWITT,7,SOUTH CENTRAL,5
TX,DICKENS,2,LOW ROLLING PLAINS,5
TX,DIMMIT,9,SOUTHERN,5
TX,DONLEY,2,LOW ROLLING PLAINS,5
TX,DUVAL,9,SOUTHERN,5
TX,EASTLAND,3,NORTH CENTRAL,5
TX,ECTOR,5,TRANS PECOS,5
TX,EDWARDS,6,EDWARDS PLATEAU,5
TX,EL PASO,5,TRANS PECOS,5
TX,ELLIS,3,NORTH CENTRAL,5
TX,ERATH,3,NORTH CENTRAL,5
TX,FALLS,3,NORTH CENTRAL,5
TX,FANNIN,3,NORTH CENTRAL,5
TX,FAYETTE,7,SOUTH CENTRAL,5
TX,FISHER,2,LOW ROLLING PLAINS,5
TX,FLOYD,1,HIGH PLAINS,4
TX,FOARD,2,LOW ROLLING PLAINS,5
TX,FORT BEND,8,UPPER COAST,5
TX,FRANKLIN,4,EAST TEXAS,5
TX,FREESTONE,4,EAST TEXAS,5
TX,FRIO,9,SOUTHERN,5
TX,GAINES,1,HIGH PLAINS,4
TX,GALVESTON,8,UPPER COAST,5
TX,GARZA,2,LOW ROLLING PLAINS,5
TX,GILLESPIE,6,EDWARDS PLATEAU,5
TX,GLASSCOCK,1,HIGH PLAINS,4
TX,GOLIAD,7,SOUTH CENTRAL,5
TX,GONZALES,7,SOUTH CENTRAL,5
TX,GRAY,1,HIGH PLAINS,4
TX,GRAYSON,3,NORTH CENTRAL,5
TX,GREGG,4,EAST TEXAS,5
TX,GRIMES,4,EAST TEXAS,5
TX,GUADALUPE,7,SOUTH CENTRAL,5
TX,HALE,1,HIGH PLAINS,4
TX,HALL,2,LOW ROLLING PLAINS,5
TX,HAMILTON,3,NORTH CENTRAL,5
TX,HANSFORD,1,HIGH PLAINS,4
TX,HARDEMAN,2,LOW ROLLING PLAINS,5
TX,HARDIN,4,EAST TEXAS,5
TX,HARRIS,8,UPPER COAST,5
TX,HARRISON,4,EAST TEXAS,5
TX,HARTLEY,1,HIGH PLAINS,4
TX,HASKELL,2,LOW ROLLING PLAINS,5
TX,HAYS,7,SOUTH CENTRAL,5
TX,HEMPHILL,1,HIGH PLAINS,4
TX,HENDERSON,4,EAST TEXAS,5
TX,HIDALGO,10,LOWER VALLEY,5
TX,HILL,3,NORTH CENTRAL,5
TX,HOCKLEY,1,HIGH PLAINS,4
TX,HOOD,3,NORTH CENTRAL,5
TX,HOPKINS,4,EAST TEXAS,5
TX,HOUSTON,4,EAST TEXAS,5
TX,HOWARD,1,HIGH PLAINS,4
TX,HUDSPETH,5,TRANS PECOS,5
TX,HUNT,3,NORTH CENTRAL,5
TX,HUTCHINSON,1,HIGH PLAINS,4
TX,IRION,6,EDWARDS PLATEAU,5
TX,JACK,3,NORTH CENTRAL,5
TX,JACKSON,8,UPPER COAST,5
TX,JASPER,4,EAST TEXAS,5
TX,JEFF DAVIS,5,TRANS PECOS,5
TX,JEFFERSON,8,UPPER COAST,5
TX,JIM HOGG,9,SOUTHERN,5
TX,JIM WELLS,9,SOUTHERN,5
TX,JOHNSON,3,NORTH CENTRAL,5
TX,JONES,2,LOW ROLLING PLAINS,5
TX,KARNES,7,SOUTH CENTRAL,5
TX,KAUFMAN,3,NORTH CENTRAL,5
TX,KENDALL,6,EDWARDS PLATEAU,5
TX,KENEDY,9,SOUTHERN,5
TX,KENT,2,LOW ROLLING PLAINS,5
TX,KERR,6,EDWARDS PLATEAU,5
TX,KIMBLE,6,EDWARDS PLATEAU,5
TX,KING,2,LOW ROLLING PLAINS,5
TX,KINNEY,6,EDWARDS PLATEAU,5
TX,KLEBERG,7,SOUTH CENTRAL,5
TX,KNOX,2,LOW ROLLING PLAINS,5
TX,LA SALLE,9,SOUTHERN,5
TX,LAMAR,3,NORTH CENTRAL,5
TX,LAMB,1,HIGH PLAINS,4
TX,LAMPASAS,6,EDWARDS PLATEAU,5
TX,LAVACA,7,SOUTH CENTRAL,5
TX,LEE,7,SOUTH CENTRAL,5
TX,LEON,4,EAST TEXAS,5
TX,LIBERTY,8,UPPER COAST,5
TX,LIMESTONE,3,NORTH CENTRAL,5
TX,LIPSCOMB,1,HIGH PLAINS,4
TX,LIVE OAK,9,SOUTHERN,5
TX,LLANO,6,EDWARDS PLATEAU,5
TX,LOVING,5,TRANS PECOS,5
TX,LUBBOCK,1,HIGH PLAINS,4
TX,LYNN,1,HIGH PLAINS,4
TX,MADISON,4,EAST TEXAS,5
TX,MARION,4,EAST TEXAS,5
TX,MARTIN,1,HIGH PLAINS,4
TX,MASON,6,EDWARDS PLATEAU,5
TX,MATAGORDA,8,UPPER COAST,5
TX,MAVERICK,9,SOUTHERN,5
TX,MCCULLOCH,6,EDWARDS PLATEAU,5
TX,MCLENNAN,3,NORTH CENTRAL,5
TX,MCMULLEN,9,SOUTHERN,5
TX,MEDINA,7,SOUTH CENTRAL,5
TX,MENARD,6,EDWARDS PLATEAU,5
TX,MIDLAND,1,HIGH PLAINS,4
TX,MILAM,3,NORTH CENTRAL,5
TX,MILLS,3,NORTH CENTRAL,5
TX,MITCHELL,2,LOW ROLLING PLAINS,5
TX,MONTAGUE,3,NORTH CENTRAL,5
TX,MONTGOMERY,4,EAST TEXAS,5
TX,MOORE,1,HIGH PLAINS,4
TX,MORRIS,4,EAST TEXAS,5
TX,MOTLEY,2,LOW ROLLING PLAINS,5
TX,NACOGDOCHES,4,EAST TEXAS,5
TX,NAVARRO,3,NORTH CENTRAL,5
TX,NEWTON,4,EAST TEXAS,5
TX,NOLAN,2,LOW ROLLING PLAINS,5
TX,NUECES,7,SOUTH CENTRAL,5
TX,OCHILTREE,1,HIGH PLAINS,4
TX,OLDHAM,1,HIGH PLAINS,4
TX,ORANGE,8,UPPER COAST,5
TX,PALO PINTO,3,NORTH CENTRAL,5
TX,PANOLA,4,EAST TEXAS,5
TX,PARKER,3,NORTH CENTRAL,5
TX,PARMER,1,HIGH PLAINS,4
TX,PECOS,5,TRANS PECOS,5
TX,POLK,4,EAST TEXAS,5
TX,POTTER,1,HIGH PLAINS,4
TX,PRESIDIO,5,TRANS PECOS,5
TX,RAINS,4,EAST TEXAS,5
TX,RANDALL,1,HIGH PLAINS,4
TX,REAGAN,6,EDWARDS PLATEAU,5
TX,REAL,6,EDWARDS PLATEAU,5
TX,RED RIVER,4,EAST TEXAS,5
TX,REEVES,5,TRANS PECOS,5
TX,REFUGIO,7,SOUTH CENTRAL,5
TX,ROBERTS,1,HIGH PLAINS,4
TX,ROBERTSON,4,EAST TEXAS,5
TX,ROCKWALL,3,NORTH CENTRAL,5
TX,RUNNELS,2,LOW ROLLING PLAINS,5
TX,RUSK,4,EAST TEXAS,5
TX,SABINE,4,EAST TEXAS,5
TX,SAN AUGUSTINE,4,EAST TEXAS,5
TX,SAN JACINTO,4,EAST TEXAS,5
TX,SAN PATRICIO,7,SOUTH CENTRAL,5
TX,SAN SABA,6,EDWARDS PLATEAU,5
TX,SCHLEICHER,6,EDWARDS PLATEAU,5
TX,SCURRY,2,LOW ROLLING PLAINS,5
TX,SHACKELFORD,3,NORTH CENTRAL,5
TX,SHELBY,4,EAST TEXAS,5
TX,SHERMAN,1,HIGH PLAINS,4
TX,SMITH,4,EAST TEXAS,5
TX,SOMERVELL,3,NORTH CENTRAL,5
TX,STARR,9,SOUTHERN,5
TX,STEPHENS,3,NORTH CENTRAL,5
TX,STERLING,6,EDWARDS PLATEAU,5
TX,STONEWALL,2,LOW ROLLING PLAINS,5
TX,SUTTON,6,EDWARDS PLATEAU,5
TX,SWISHER,1,HIGH PLAINS,4
TX,TARRANT,3,NORTH CENTRAL,5
TX,TAYLOR,2,LOW ROLLING PLAINS,5
TX,TERRELL,5,TRANS PECOS,5
TX,TERRY,1,HIGH PLAINS,4
TX,THROCKMORTON,3,NORTH CENTRAL,5
TX,TITUS,4,EAST TEXAS,5
TX,TOM GREEN,6,EDWARDS PLATEAU,5
TX,TRAVIS,7,SOUTH CENTRAL,5
TX,TRINITY,4,EAST TEXAS,5
TX,TYLER,4,EAST TEXAS,5
TX,UPSHUR,4,EAST TEXAS,5
TX,UPTON,6,EDWARDS PLATEAU,5
TX,UVALDE,6,EDWARDS PLATEAU,5
TX,VAL VERDE,6,EDWARDS PLATEAU,5
TX,VAN ZANDT,4,EAST TEXAS,5
TX,VICTORIA,8,UPPER COAST,5
TX,WALKER,4,EAST TEXAS,5
TX,WALLER,4,EAST TEXAS,5
TX,WARD,5,TRANS PECOS,5
TX,WASHINGTON,7,SOUTH CENTRAL,5
TX,WEBB,9,SOUTHERN,5
TX,WHARTON,8,UPPER COAST,5
TX,WHEELER,2,LOW ROLLING PLAINS,5
TX,WICHITA,2,LOW ROLLING PLAINS,5
TX,WILBARGER,2,LOW ROLLING PLAINS,5
TX,WILLACY,10,LOWER VALLEY,5
TX,WILLIAMSON,3,NORTH CENTRAL,5
TX,WILSON,7,SOUTH CENTRAL,5
TX,WINKLER,5,TRANS PECOS,5
TX,WISE,3,NORTH CENTRAL,5
TX,WOOD,4,EAST TEXAS,5
TX,YOAKUM,1,HIGH PLAINS,4
TX,YOUNG,3,NORTH CENTRAL,5
TX,ZAPATA,9,SOUTHERN,5
TX,ZAVALA,9,SOUTHERN,5
UT,BEAVER,1,WESTERN,2
UT,BEAVER,4,SOUTH CENTRAL,2
UT,BOX ELDER,1,WESTERN,2
UT,BOX ELDER,3,NORTH CENTRAL,2
UT,CACHE,3,NORTH CENTRAL,2
UT,CACHE,5,NORTHERN,1
UT,CARBON,5,NORTHERN,1
UT,CARBON,7,SOUTHEAST,2
UT,DAGGETT,5,NORTHERN,1
UT,DAVIS,3,NORTH CENTRAL,2
UT,DAVIS,5,NORTHERN,1
UT,DUCHESNE,5,NORTHERN,1
UT,DUCHESNE,6,UINTA BASIN,1
UT,EMERY,4,SOUTH CENTRAL,2
UT,EMERY,5,NORTHERN,1
UT,EMERY,7,SOUTHEAST,2
UT,GARFIELD,4,SOUTH CENTRAL,2
UT,GRAND,7,SOUTHEAST,2
UT,IRON,1,WESTERN,2
UT,IRON,4,SOUTH CENTRAL,2
UT,JUAB,1,WESTERN,2
UT,JUAB,3,NORTH CENTRAL,2
UT,JUAB,4,SOUTH CENTRAL,2
UT,KANE,4,SOUTH CENTRAL,2
UT,KANE,7,SOUTHEAST,2
UT,MILLARD,1,WESTERN,2
UT,MILLARD,4,SOUTH CENTRAL,2
UT,MORGAN,5,NORTHERN MOUNTAINS,1
UT,PIUTE,4,SOUTH CENTRAL,2
UT,RICH,5,NORTHERN MOUNTAINS,1
UT,SALT LAKE,3,NORTH CENTRAL,2
UT,SALT LAKE,5,NORTHERN MOUNTAINS,1
UT,SAN JUAN,7,SOUTHEAST,2
UT,SANPETE,4,SOUTH CENTRAL,2
UT,SANPETE,5,NORTHERN MOUNTAINS,1
UT,SEVIER,4,SOUTH CENTRAL,2
UT,SUMMIT,5,NORTHERN MOUNTAINS,1
UT,TOOELE,1,WESTERN,2
UT,TOOELE,3,NORTH CENTRAL,2
UT,UINTAH,5,NORTHERN MOUNTAINS,1
UT,UINTAH,6,UINTA BASIN,1
UT,UTAH,3,NORTH CENTRAL,2
UT,UTAH,5,NORTHERN MOUNTAINS,1
UT,WASATCH,5,NORTHERN MOUNTAINS,1
UT,WASHINGTON,1,WESTERN,2
UT,WASHINGTON,2,DIXIE,4
UT,WASHINGTON,4,SOUTH CENTRAL,2
UT,WAYNE,4,SOUTH CENTRAL,2
UT,WAYNE,7,SOUTHEAST,2
UT,WEBER,3,NORTH CENTRAL,2
UT,WEBER,5,NORTHERN MOUNTAINS,1
VA,ACCOMACK,1,TIDEWATER,4
VA,ALBEMARLE,3,WESTERN PIEDMONT,3
VA,ALLEGHANY,5,CENTRAL MOUNTAIN,3
VA,AMELIA,2,EASTERN PIEDMONT,3
VA,AMHERST,3,WESTERN PIEDMONT,3
VA,APPOMATTOX,3,WESTERN PIEDMONT,3
VA,ARLINGTON,4,NORTHERN,3
VA,AUGUSTA,5,CENTRAL MOUNTAIN,3
VA,BATH,5,CENTRAL MOUNTAIN,3
VA,BEDFORD,3,WESTERN PIEDMONT,3
VA,BLAND,6,SOUTHWESTERN MOUNTAIN,3
VA,BOTETOURT,5,CENTRAL MOUNTAIN,3
VA,BRUNSWICK,2,EASTERN PIEDMONT,3
VA,BUCHANAN,6,SOUTHWESTERN MOUNTAIN,3
VA,BUCKINGHAM,2,EASTERN PIEDMONT,3
VA,CAMPBELL,3,WESTERN PIEDMONT,3
VA,CAROLINE,2,EASTERN PIEDMONT,3
VA,CARROLL,6,SOUTHWESTERN MOUNTAIN,3
VA,CHARLES CITY,1,TIDEWATER,4
VA,CHARLOTTE,3,WESTERN PIEDMONT,3
VA,CHESTERFIELD,2,EASTERN PIEDMONT,3
VA,CLARKE,4,NORTHERN,3
VA,CRAIG,5,CENTRAL MOUNTAIN,3
VA,CULPEPER,4,NORTHERN,3
VA,CUMBERLAND,2,EASTERN PIEDMONT,3
VA,DICKENSON,6,SOUTHWESTERN MOUNTAIN,3
VA,DINWIDDIE,2,EASTERN PIEDMONT,3
VA,ESSEX,1,TIDEWATER,4
VA,FAIRFAX,4,NORTHERN,3
VA,FAUQUIER,4,NORTHERN,3
VA,FLOYD,6,SOUTHWESTERN MOUNTAIN,3
VA,FLUVANNA,2,EASTERN PIEDMONT,3
VA,FRANKLIN,3,WESTERN PIEDMONT,3
VA,FREDERICK,4,NORTHERN,3
VA,GILES,6,SOUTHWESTERN MOUNTAIN,3
VA,GLOUCESTER,1,TIDEWATER,4
VA,GOOCHLAND,2,EASTERN PIEDMONT,3
VA,GRAYSON,6,SOUTHWESTERN MOUNTAIN,3
VA,GREENE,4,NORTHERN,3
VA,GREENSVILLE,1,TIDEWATER,4
VA,HALIFAX,3,WESTERN PIEDMONT,3
VA,HANOVER,2,EASTERN PIEDMONT,3
VA,HENRICO,2,EASTERN PIEDMONT,3
VA,HENRY,3,WESTERN PIEDMONT,3
VA,HIGHLAND,5,CENTRAL MOUNTAIN,3
VA,ISLE OF WIGHT,1,TIDEWATER,4
VA,JAMES CITY,1,TIDEWATER,4
VA,KING & QUEEN,1,TIDEWATER,4
VA,KING GEORGE,1,TIDEWATER,4
VA,KING WILLIAM,1,TIDEWATER,4
VA,LANCASTER,1,TIDEWATER,4
VA,LEE,6,SOUTHWESTERN MOUNTAIN,3
VA,LOUDOUN,4,NORTHERN,3
VA,LOUISA,2,EASTERN PIEDMONT,3
VA,LUNENBURG,2,EASTERN PIEDMONT,3
VA,MADISON,4,NORTHERN,3
VA,MATHEWS,1,TIDEWATER,4
VA,MECKLENBURG,2,EASTERN PIEDMONT,3
VA,MIDDLESEX,1,TIDEWATER,4
VA,MONTGOMERY,6,SOUTHWESTERN MOUNTAIN,3
VA,NANSEMOND,1,TIDEWATER,4
VA,NELSON,3,WESTERN PIEDMONT,3
VA,NEW KENT,1,TIDEWATER,4
VA,NORFOLK,1,TIDEWATER,4
VA,NORTHAMPTON,1,TIDEWATER,4
VA,NORTHUMBERLAND,1,TIDEWATER,4
VA,NOTTOWAY,2,EASTERN PIEDMONT,3
VA,ORANGE,4,NORTHERN,3
VA,PAGE,4,NORTHERN,3
VA,PATRICK,3,WESTERN PIEDMONT,3
VA,PITTSYLVANIA,3,WESTERN PIEDMONT,3
VA,POWHATAN,2,EASTERN PIEDMONT,3
VA,PRINCE EDWARD,2,EASTERN PIEDMONT,3
VA,PRINCE GEORGE,1,TIDEWATER,4
VA,PRINCE WILLIAM,1,TIDEWATER,4
VA,PRINCE WILLIAM,4,NORTHERN,3
VA,PRINCESS ANNE,1,TIDEWATER,4
VA,PULASKI,6,SOUTHWESTERN MOUNTAIN,3
VA,RAPPAHANNOCK,4,NORTHERN,3
VA,RICHMOND,1,TIDEWATER,4
VA,ROANOKE,5,CENTRAL MOUNTAIN,3
VA,ROCKBRIDGE,5,CENTRAL MOUNTAIN,3
VA,ROCKINGHAM,5,CENTRAL MOUNTAIN,3
VA,RUSSELL,3,WESTERN PIEDMONT,3
VA,SCOTT,5,CENTRAL MOUNTAIN,3
VA,SHENANDOAH,4,NORTHERN,3
VA,SMYTH,6,SOUTHWESTERN MOUNTAIN,3
VA,SOUTHAMPTON,1,TIDEWATER,4
VA,SPOTSYLVANIA,1,TIDEWATER,4
VA,SPOTSYLVANIA,2,EASTERN PIEDMONT,3
VA,STAFFORD,1,TIDEWATER,4
VA,SURRY,1,TIDEWATER,4
VA,SUSSEX,1,TIDEWATER,4
VA,TAZEWELL,6,SOUTHWESTERN MOUNTAIN,3
VA,WARREN,4,NORTHERN,3
VA,WASHINGTON,6,SOUTHWESTERN MOUNTAIN,3
VA,WESTMORELAND,1,TIDEWATER,4
VA,WISE,6,SOUTHWESTERN MOUNTAIN,3
VA,WYTHE,6,SOUTHWESTERN MOUNTAIN,3
VA,YORK,1,TIDEWATER,4
VT,ADDISON,2,WESTERN,1
VT,BENNINGTON,2,WESTERN,1
VT,BENNINGTON,3,SOUTHEASTERN,1
VT,CALEDONIA,1,NORTHEASTERN,1
VT,CHITTENDEN,2,WESTERN,1
VT,ESSEX,1,NORTHEASTERN,1
VT,FRANKLIN,1,NORTHEASTERN,1
VT,FRANKLIN,2,WESTERN,1
VT,GRAND ISLE,2,WESTERN,1
VT,LAMOILLE,1,NORTHEASTERN,1
VT,ORANGE,1,NORTHEASTERN,1
VT,ORANGE,3,SOUTHEASTERN,1
VT,ORLEANS,1,NORTHEASTERN,1
VT,RUTLAND,2,WESTERN,1
VT,WASHINGTON,1,NORTHEASTERN,1
VT,WINDHAM,3,SOUTHEASTERN,1
VT,WINDSOR,1,NORTHEASTERN,1
VT,WINDSOR,3,SOUTHEASTERN,1
WA,ADAMS                ,8,CENTRAL BASIN,2
WA,ASOTIN               ,10,PALOUSE BLUE MOUNTAINS,2
WA,BENTON               ,8,CENTRAL BASIN,2
WA,CHELAN               ,6,EAST SLOPE CASCADES,1
WA,CHELAN               ,7,OKANOGAN BIG BEND,2
WA,CHELAN               ,8,CENTRAL BASIN,2
WA,CLALLAM              ,1,WEST OLYMPIC COASTAL,2
WA,CLALLAM              ,2,NE OLYMPIC SAN JUAN,3
WA,CLALLAM              ,4,E OLYMPIC CASCADE FTHLS,2
WA,CLARK                ,4,E OLYMPIC CASCADE FTHLS,2
WA,COLUMBIA             ,10,PALOUSE BLUE MOUNTAINS,2
WA,COWLITZ              ,4,E OLYMPIC CASCADE FTHLS,2
WA,COWLITZ              ,5,CASCADE MOUNTAINS WEST,1
WA,DOUGLAS              ,7,OKANOGAN BIG BEND,2
WA,FERRY                ,9,NORTHEASTERN,1
WA,FRANKLIN             ,8,CENTRAL BASIN,2
WA,GARFIELD             ,10,PALOUSE BLUE MOUNTAINS,2
WA,GRANT                ,7,OKANOGAN BIG BEND,2
WA,GRANT                ,8,CENTRAL BASIN,2
WA,GRAYS HARBOR         ,1,WEST OLYMPIC COASTAL,2
WA,GRAYS HARBOR         ,4,E OLYMPIC CASCADE FTHLS,2
WA,ISLAND               ,2,NE OLYMPIC SAN JUAN,3
WA,JEFFERSON            ,1,WEST OLYMPIC COASTAL,2
WA,JEFFERSON            ,2,NE OLYMPIC SAN JUAN,3
WA,JEFFERSON            ,4,E OLYMPIC CASCADE FTHLS,2
WA,KING                 ,3,PUGET SOUND LOWLANDS,3
WA,KING                 ,4,E OLYMPIC CASCADE FTHLS,2
WA,KING                 ,5,CASCADE MOUNTAINS WEST,1
WA,KITSAP               ,3,PUGET SOUND LOWLANDS,3
WA,KITTITAS             ,5,CASCADE MOUNTAINS WEST,1
WA,KITTITAS             ,6,EAST SLOPE CASCADES,1
WA,KITTITAS             ,8,CENTRAL BASIN,2
WA,KLICKITAT            ,6,EAST SLOPE CASCADES,1
WA,KLICKITAT            ,8,CENTRAL BASIN,2
WA,LEWIS                ,3,PUGET SOUND LOWLANDS,3
WA,LEWIS                ,4,E OLYMPIC CASCADE FTHLS,2
WA,LINCOLN              ,7,OKANOGAN BIG BEND,2
WA,MASON                ,1,WEST OLYMPIC COASTAL,2
WA,MASON                ,4,E OLYMPIC CASCADE FTHLS,2
WA,OKANOGAN             ,6,EAST SLOPE CASCADES,1
WA,OKANOGAN             ,7,OKANOGAN BIG BEND,2
WA,OKANOGAN             ,9,NORTHEASTERN,1
WA,PACIFIC              ,1,WEST OLYMPIC COASTAL,2
WA,PACIFIC              ,4,E OLYMPIC CASCADE FTHLS,2
WA,PEND OREILLE         ,9,NORTHEASTERN,1
WA,PIERCE               ,3,PUGET SOUND LOWLANDS,3
WA,PIERCE               ,4,E OLYMPIC CASCADE FTHLS,2
WA,PIERCE               ,5,CASCADE MOUNTAINS WEST,1
WA,SAN JUAN             ,2,NE OLYMPIC SAN JUAN,3
WA,SKAGIT               ,2,NE OLYMPIC SAN JUAN,3
WA,SKAGIT               ,3,PUGET SOUND LOWLANDS,3
WA,SKAGIT               ,4,E OLYMPIC CASCADE FTHLS,2
WA,SKAMANIA             ,4,E OLYMPIC CASCADE FTHLS,2
WA,SKAMANIA             ,5,CASCADE MOUNTAINS WEST,1
WA,SNOHOMISH            ,3,PUGET SOUND LOWLANDS,3
WA,SNOHOMISH            ,4,E OLYMPIC CASCADE FTHLS,2
WA,SNOHOMISH            ,5,CASCADE MOUNTAINS WEST,1
WA,SPOKANE              ,9,NORTHEASTERN,1
WA,STEVENS              ,9,NORTHEASTERN,1
WA,THURSTON             ,3,PUGET SOUND LOWLANDS,3
WA,WAHKIAKUM            ,1,WEST OLYMPIC COASTAL,2
WA,WAHKIAKUM            ,4,E OLYMPIC CASCADE FTHLS,2
WA,WALLA WALLA          ,8,CENTRAL BASIN,2
WA,WALLA WALLA          ,10,PALOUSE BLUE MOUNTAINS,2
WA,WHATCOM              ,3,PUGET SOUND LOWLANDS,3
WA,WHATCOM              ,4,E OLYMPIC CASCADE FTHLS,2
WA,WHATCOM              ,5,CASCADE MOUNTAINS WEST,1
WA,WHITMAN              ,10,PALOUSE BLUE MOUNTAINS,2
WA,YAKIMA               ,6,EAST SLOPE CASCADES,1
WA,YAKIMA               ,8,CENTRAL BASIN,2
WI,ADAMS,5,CENTRAL,1
WI,ASHLAND,2,NORTH CENTRAL,1
WI,BARRON,1,NORTHWEST,1
WI,BARRON,4,WEST CENTRAL,1
WI,BAYFIELD,1,NORTHWEST,1
WI,BROWN,6,EAST CENTRAL,1
WI,BUFFALO,4,WEST CENTRAL,1
WI,BURNETT,1,NORTHWEST,1
WI,CALUMET,6,EAST CENTRAL,1
WI,CHIPPEWA,1,NORTHWEST,1
WI,CHIPPEWA,4,WEST CENTRAL,1
WI,CLARK,2,NORTH CENTRAL,1
WI,COLUMBIA,8,SOUTH CENTRAL,1
WI,CRAWFORD,7,SOUTHWEST,1
WI,DANE,8,SOUTH CENTRAL,1
WI,DODGE,8,SOUTH CENTRAL,1
WI,DOOR,6,EAST CENTRAL,1
WI,DOUGLAS,1,NORTHWEST,1
WI,DUNN,4,WEST CENTRAL,1
WI,EAU CLAIRE,4,WEST CENTRAL,1
WI,FLORENCE,3,NORTHEAST,1
WI,FOND DU LAC,6,EAST CENTRAL,1
WI,FOREST,3,NORTHEAST,1
WI,GRANT,7,SOUTHWEST,1
WI,GREEN,8,SOUTH CENTRAL,1
WI,GREEN LAKE,5,CENTRAL,1
WI,IOWA,7,SOUTHWEST,1
WI,IRON,2,NORTH CENTRAL,1
WI,JACKSON,4,WEST CENTRAL,1
WI,JEFFERSON,8,SOUTH CENTRAL,1
WI,JUNEAU,5,CENTRAL,1
WI,KENOSHA,9,SOUTHEAST,1
WI,KEWAUNEE,6,EAST CENTRAL,1
WI,LA CROSSE,4,WEST CENTRAL,1
WI,LAFAYETTE,7,SOUTHWEST,1
WI,LANGLADE,3,NORTHEAST,1
WI,LINCOLN,2,NORTH CENTRAL,1
WI,MANITOWOC,6,EAST CENTRAL,1
WI,MARATHON,2,NORTH CENTRAL,1
WI,MARINETTE,3,NORTHEAST,1
WI,MARQUETTE,5,CENTRAL,1
WI,MENOMINEE,3,NORTHEAST,1
WI,MILWAUKEE,9,SOUTHEAST,1
WI,MONROE,4,WEST CENTRAL,1
WI,MONROE,7,SOUTHWEST,1
WI,OCONTO,3,NORTHEAST,1
WI,ONEIDA,2,NORTH CENTRAL,1
WI,OUTAGAMIE,6,EAST CENTRAL,1
WI,OZAUKEE,9,SOUTHEAST,1
WI,PEPIN,4,WEST CENTRAL,1
WI,PIERCE,4,WEST CENTRAL,1
WI,POLK,1,NORTHWEST,1
WI,PORTAGE,5,CENTRAL,1
WI,PRICE,2,NORTH CENTRAL,1
WI,RACINE,9,SOUTHEAST,1
WI,RICHLAND,7,SOUTHWEST,1
WI,ROCK,8,SOUTH CENTRAL,1
WI,RUSK,1,NORTHWEST,1
WI,SAUK,7,SOUTHWEST,1
WI,SAWYER,1,NORTHWEST,1
WI,SHAWANO,3,NORTHEAST,1
WI,SHEBOYGAN,6,EAST CENTRAL,1
WI,ST CROIX,4,WEST CENTRAL,1
WI,TAYLOR,2,NORTH CENTRAL,1
WI,TREMPEALEAU,4,WEST CENTRAL,1
WI,VERNON,7,SOUTHWEST,1
WI,VILAS,2,NORTH CENTRAL,1
WI,WALWORTH,9,SOUTHEAST,1
WI,WASHBURN,1,NORTHWEST,1
WI,WASHINGTON,9,SOUTHEAST,1
WI,WAUKESHA,9,SOUTHEAST,1
WI,WAUPACA,5,CENTRAL,1
WI,WAUSHARA,5,CENTRAL,1
WI,WINNEBAGO,6,EAST CENTRAL,1
WI,WOOD,5,CENTRAL,1
WV,BARBOUR,2,NORTH CENTRAL,3
WV,BERKELEY,6,NORTHEASTERN,3
WV,BOONE,3,SOUTHWESTERN ,3
WV,BRAXTON,2,NORTH CENTRAL,3
WV,BROOKE,1,NORTHWESTERN,3
WV,CABELL,3,SOUTHWESTERN ,3
WV,CALHOUN,2,NORTH CENTRAL,3
WV,CLAY,3,SOUTHWESTERN ,3
WV,DODDRIDGE,2,NORTH CENTRAL,3
WV,FAYETTE,4,CENTRAL,2
WV,GILMER,2,NORTH CENTRAL,3
WV,GRANT,4,CENTRAL,2
WV,GRANT,6,NORTHEASTERN,3
WV,GREENBRIER,4,CENTRAL,2
WV,GREENBRIER,5,SOUTHERN,3
WV,HAMPSHIRE,6,NORTHEASTERN,3
WV,HANCOCK,1,NORTHWESTERN,3
WV,HARDY,6,NORTHEASTERN,3
WV,HARRISON,2,NORTH CENTRAL,3
WV,JACKSON,3,SOUTHWESTERN ,3
WV,JEFFERSON,6,NORTHEASTERN,3
WV,KANAWHA,3,SOUTHWESTERN ,3
WV,LEWIS,2,NORTH CENTRAL,3
WV,LINCOLN,3,SOUTHWESTERN ,3
WV,LOGAN,3,SOUTHWESTERN ,3
WV,MARION,2,NORTH CENTRAL,3
WV,MARSHALL,1,NORTHWESTERN,3
WV,MASON,3,SOUTHWESTERN ,3
WV,MC DOWELL,5,SOUTHERN,3
WV,MERCER,5,SOUTHERN,3
WV,MINERAL,6,NORTHEASTERN,3
WV,MINGO,3,SOUTHWESTERN ,3
WV,MONONGALIA,2,NORTH CENTRAL,3
WV,MONROE,5,SOUTHERN,3
WV,MORGAN,6,NORTHEASTERN,3
WV,NICHOLAS,3,SOUTHWESTERN ,3
WV,NICHOLAS,4,CENTRAL,2
WV,OHIO,1,NORTHWESTERN,3
WV,PENDLETON,4,CENTRAL,2
WV,PENDLETON,6,NORTHEASTERN,3
WV,PLEASANTS,1,NORTHWESTERN,3
WV,POCAHONTAS,4,CENTRAL,2
WV,PRESTON,4,CENTRAL,2
WV,PUTNAM,3,SOUTHWESTERN ,3
WV,RALEIGH,4,CENTRAL,2
WV,RANDOLPH,4,CENTRAL,2
WV,RITCHIE,1,NORTHWESTERN,3
WV,RITCHIE,2,NORTH CENTRAL,3
WV,ROANE,3,SOUTHWESTERN ,3
WV,SUMMERS,4,CENTRAL,2
WV,SUMMERS,5,SOUTHERN,3
WV,TAYLOR,2,NORTH CENTRAL,3
WV,TUCKER,4,CENTRAL,2
WV,TYLER,1,NORTHWESTERN,3
WV,TYLER,2,NORTH CENTRAL,3
WV,UPSHUR,2,NORTH CENTRAL,3
WV,WAYNE,3,SOUTHWESTERN ,3
WV,WEBSTER,4,CENTRAL,2
WV,WETZEL,1,NORTHWESTERN,3
WV,WETZEL,2,NORTH CENTRAL,3
WV,WIRT,1,NORTHWESTERN,3
WV,WOOD,1,NORTHWESTERN,3
WV,WYOMING,5,SOUTHERN,3
WY,ALBANY,8,LOWER PLATTE,1
WY,ALBANY,10,UPPER PLATTE,1
WY,BIG HORN,4,BIG HORN,1
WY,CAMPBELL,5,"POWDER, LTLLE MO, TONGUE",1
WY,CAMPBELL,6,BELLE FOURCHE DB,1
WY,CAMPBELL,7,CHEYENNE NIOBRARA DB,1
WY,CARBON,3,GREEN AND BEAR DB,1
WY,CARBON,10,UPPER PLATTE,1
WY,CONVERSE,7,CHEYENNE NIOBRARA DB,1
WY,CONVERSE,8,LOWER PLATTE,1
WY,CONVERSE,10,UPPER PLATTE,1
WY,CROOK,5,"POWDER, LTLLE MO, TONGUE",1
WY,CROOK,6,BELLE FOURCHE DB,1
WY,FREMONT,9,WIND RIVER,1
WY,FREMONT,10,UPPER PLATTE,1
WY,GOSHEN,8,LOWER PLATTE,1
WY,HOT SPRINGS,4,BIG HORN,1
WY,JOHNSON,5,"POWDER, LTLLE MO, TONGUE",1
WY,LARAMIE,8,LOWER PLATTE,1
WY,LINCOLN,2,SNAKE DB,1
WY,LINCOLN,3,GREEN AND BEAR DB,1
WY,LINCOLN,5,"POWDER, LTLLE MO, TONGUE",1
WY,NATRONA,5,"POWDER, LTLLE MO, TONGUE",1
WY,NATRONA,8,LOWER PLATTE,1
WY,NATRONA,9,WIND RIVER,1
WY,NATRONA,10,UPPER PLATTE,1
WY,NIOBRARA,7,CHEYENNE NIOBRARA DB,1
WY,NIOBRARA,8,LOWER PLATTE,1
WY,PARK,1,YELLOWSTONE DB,1
WY,PARK,3,GREEN AND BEAR DB,1
WY,PARK,4,BIG HORN,1
WY,PLATTE,8,LOWER PLATTE,1
WY,SHERIDAN,4,BIG HORN,1
WY,SHERIDAN,5,"POWDER, LTLLE MO, TONGUE",1
WY,SUBLETTE,2,SNAKE DB,1
WY,SUBLETTE,3,GREEN AND BEAR DB,1
WY,SUBLETTE,5,"POWDER, LTLLE MO, TONGUE",1
WY,SWEETWATER,3,GREEN AND BEAR DB,1
WY,SWEETWATER,10,UPPER PLATTE,1
WY,TETON,2,SNAKE DB,1
WY,UINTA,3,GREEN AND BEAR DB,1
WY,WASHAKIE,4,BIG HORN,1
WY,WESTON,7,CHEYENNE NIOBRARA DB,1
WY,YELLOWSTONE PK,1,YELLOWSTONE DB,1
WY,YELLOWSTONE PK,2,SNAKE DB,1